id,park_name,park_type,address_road,address_land,latitude,longitude,area,sports_facility,amusement_facility,convenience_facility,cultural_facility,other_facility,designated_date,management_agency,tel,data_date,agency_code,agency_name
46150-00151,소공원17,소공원,,전라남도 순천시 저전동128-2,34.95168551,127.4809682,236,,,,,,2005-12-05,전라남도 순천시청,061-749-6330,2024-11-19,4820000,전라남도 순천시
46150-00150,소공원15,소공원,,전라남도 순천시 저전동 260-6(갈마골),34.9463227,127.4826429,851,,,,,,2006-11-27,전라남도 순천시청,061-749-6330,2024-11-19,4820000,전라남도 순천시
46150-00149,소공원14,소공원,,전라남도 순천시 인제동 359-36(상인제),34.9441953,127.4812481,1112,,,,,,2006-11-27,전라남도 순천시청,061-749-6330,2024-11-19,4820000,전라남도 순천시
46150-00148,소공원13,소공원,,전라남도 순천시 남정동210(남정),34.9429227,127.4865159,214,,,,,,2006-11-27,전라남도 순천시청,061-749-6330,2024-11-19,4820000,전라남도 순천시
46150-00147,소공원12,소공원,,전라남도 순천시 인제동 123-7(인제),34.9461767,127.4828767,797,,,,,,2006-11-27,전라남도 순천시청,061-749-6330,2024-11-19,4820000,전라남도 순천시
46150-00146,소공원11,소공원,,전라남도 순천시 연향동 116-5(연향),34.9373408,127.5248775,671,,,,,,2006-11-27,전라남도 순천시청,061-749-6330,2024-11-19,4820000,전라남도 순천시
46150-00145,소공원10,소공원,,전라남도 순천시 생목동15-5(생목),34.9522255,127.5099042,262,,,,,,2006-11-27,전라남도 순천시청,061-749-6330,2024-11-19,4820000,전라남도 순천시
46150-00176,명말1공원,소공원,,전라남도 순천시 연향동1092-1,34.93895282,127.5140952,697,,,,,,2017-08-16,전라남도 순천시청,061-749-6330,2024-11-19,4820000,전라남도 순천시
46150-00181,동천그린웨이,수변공원,,전라남도 순천시 매곡동 549-1,34.96287044,127.4886346,16765,,,,,,2017-11-15,전라남도 순천시청,061-749-6330,2024-11-19,4820000,전라남도 순천시
46150-00180,강청수변공원,수변공원,,전라남도 순천시 서면 선평리 818,34.9872296,127.4993829,61478,축구장+ 인라인스케이트장+ 밸런스바이크장,그물놀이터+ 그네+ 집라인,화장실+ 음수대,기적의 놀이터 3호,분수시설,2017-11-15,전라남도 순천시청,061-749-6330,2024-11-19,4820000,전라남도 순천시
46150-00179,83공원,어린이공원,,전라남도 순천시 해룡면 상삼리 930,34.94309795,127.5302007,4415,,조합놀이대,화장실+ 음수대,,,2016-12-31,전라남도 순천시청,061-749-6330,2024-11-19,4820000,전라남도 순천시
46150-00175,소공원44,소공원,,전라남도 순천시 선평리 42-3,34.9823794,127.504105,8303,,,,,,2017-11-15,전라남도 순천시청,061-749-6330,2024-11-19,4820000,전라남도 순천시
46150-00174,와온공원,소공원,,전라남도 순천시 해룡면 상내리 820,34.8500247,127.5239612,8135,,,화장실,,,2017-06-15,전라남도 순천시청,061-749-6330,2024-11-19,4820000,전라남도 순천시
46150-00173,소공원45,소공원,,전라남도 순천시 동외동 67-15,34.9530599,127.4882871,687,,,,,,2017-06-15,전라남도 순천시청,061-749-6330,2024-11-19,4820000,전라남도 순천시
46150-00172,소공원43,소공원,,전라남도 순천시 옥천동128-2,34.9524281,127.4787999,1869,,,,,,2017-06-15,전라남도 순천시청,061-749-6330,2024-11-19,4820000,전라남도 순천시
46150-00171,도깨비공원,소공원,,전라남도 순천시 홍내동 661-15,34.9179615,127.4956527,2220,,,,,,2017-06-15,전라남도 순천시청,061-749-6330,2024-11-19,4820000,전라남도 순천시
46150-00169,소공원36,소공원,,전라남도 순천시 덕월동 636-3,34.9274671,127.4865339,523,,,,,,2014-05-30,전라남도 순천시청,061-749-6330,2024-11-19,4820000,전라남도 순천시
46150-00168,소공원37,소공원,,전라남도 순천시 연향동1281-1,34.9488721,127.5109705,147,,,,,,2014-05-29,전라남도 순천시청,061-749-6330,2024-11-19,4820000,전라남도 순천시
46150-00167,소공원34,소공원,,전라남도 순천시 덕월동636-3,34.92747563,127.4865199,523,,,,,,2014-05-29,전라남도 순천시청,061-749-6330,2024-11-19,4820000,전라남도 순천시
46150-00166,소공원33,소공원,,전라남도 순천시 덕암동404-5,34.948826,127.5081909,986,,,,,,2014-05-29,전라남도 순천시청,061-749-6330,2024-11-19,4820000,전라남도 순천시
46150-00165,소공원32,소공원,,전라남도 순천시 해룡면 상삼리 산35-34,34.9434211,127.5340275,1548.8,,,,,,2013-05-03,전라남도 순천시청,061-749-6330,2024-11-19,4820000,전라남도 순천시
46150-00164,소공원31,소공원,,전라남도 순천시 해룡면 호두리1158-1,34.8959585,127.5832937,3184,,,,,,2015-07-30,전라남도 순천시청,061-749-6330,2024-11-19,4820000,전라남도 순천시
46150-00163,소공원30,소공원,,전라남도 순천시 해룡면 호두리1160-4,34.8965478,127.5864344,2889,,,,,,2015-07-30,전라남도 순천시청,061-749-6330,2024-11-19,4820000,전라남도 순천시
46150-00162,소공원29,소공원,,전라남도 순천시 해룡면 호두리1177-3,34.8924771,127.5854189,1024,,,,,,2015-07-30,전라남도 순천시청,061-749-6330,2024-11-19,4820000,전라남도 순천시
46150-00161,소공원28,소공원,,전라남도 순천시 해룡면 선월리 414-16,34.913124,127.5593073,274,,,,,,2012-12-21,전라남도 순천시청,061-749-6332,2024-11-19,4820000,전라남도 순천시
46150-00160,소공원27,소공원,,전라남도 순천시 해룡면 선월리 403-3,34.91305071,127.5578719,2145,,,,,,2012-12-21,전라남도 순천시청,061-749-6331,2024-11-19,4820000,전라남도 순천시
46150-00159,소공원25,소공원,,전라남도 순천시 해룡면 상삼리 산19-11,34.94940584,127.5348143,2693,,,,,,2010-11-05,전라남도 순천시청,061-749-6330,2024-11-19,4820000,전라남도 순천시
46150-00158,소공원24,소공원,전라남도 순천시 장명3길 2-5(장천동),,34.95208929,127.487072,1672,,,,,인공수로,2009-03-27,전라남도 순천시청,061-749-6330,2024-11-19,4820000,전라남도 순천시
46150-00157,소공원23,소공원,,전라남도 순천시 매곡동178-9,34.9600092,127.4808261,870,,,,,,2009-03-27,전라남도 순천시청,061-749-6330,2024-11-19,4820000,전라남도 순천시
46150-00156,소공원22,소공원,,전라남도 순천시 행동 4-9번지 일원,34.9567379,127.4824129,3290,,,,,,2009-03-27,전라남도 순천시청,061-749-6330,2024-11-19,4820000,전라남도 순천시
46150-00155,소공원21,소공원,,전라남도 순천시 석현동228-2,34.97172787,127.4791387,9120,,,,,,2009-03-27,전라남도 순천시청,061-749-6330,2024-11-19,4820000,전라남도 순천시
46150-00154,소공원20,소공원,,전라남도 순천시 금곡동13-5,34.9561634436,127.4786803393,2848,,,,,,2011-12-30,전라남도 순천시청,061-749-6330,2024-11-19,4820000,전라남도 순천시
46150-00153,소공원19,소공원,,전라남도 순천시 조곡동263-34,34.9514657,127.4959893,586,,,,,,2005-12-05,전라남도 순천시청,061-749-6330,2024-11-19,4820000,전라남도 순천시
46150-00152,소공원18,소공원,,전라남도 순천시 저전동148-2,34.9521669,127.482496,58,,,,,,2005-12-05,전라남도 순천시청,061-749-6330,2024-11-19,4820000,전라남도 순천시
46150-00181,동천고수부지,수변공원,,전라남도 순천시 매곡동 549-1,34.96287044,127.4886346,16765,,,,,,2017-11-15,전라남도 순천시청,061-749-6330,2024-11-19,4820000,전라남도 순천시
46150-00180,강청공원,수변공원,,전라남도 순천시 서면 선평리 818,34.9872296,127.4993829,61478,축구장+ 인라인스케이트장+ 밸런스바이크장,그물놀이터+ 그네+ 집라인,화장실+ 음수대,,분수시설,2017-11-15,전라남도 순천시청,061-749-6330,2024-11-19,4820000,전라남도 순천시
46150-00178,청수거북이공원,역사공원,,전라남도 순천시 주암면 창촌리,35.0585847,127.2813107,81430,,,,,,2017-11-15,전라남도 순천시청,061-749-6330,2024-11-19,4820000,전라남도 순천시
46150-00177,명말2공원,소공원,,전라남도 순천시 연향동1055-1,34.94077365,127.5128339,1272,,,,,,2017-08-16,전라남도 순천시청,061-749-6330,2024-11-19,4820000,전라남도 순천시
46150-00026,저전공원,어린이공원,,전라남도 순천시 저전동238-1,34.94749381,127.4839458,1786,농구장,조합놀이대,화장실,,,1987-02-19,전라남도 순천시청,061-749-6330,2024-11-19,4820000,전라남도 순천시
46150-00025,행동공원,소공원,전라남도 순천시 금곡길20,전라남도 순천시 행동65-7,34.9550673,127.4825614,2000,,,주차장+화장실,청소년수련관,,1987-02-19,전라남도 순천시청,061-749-3804,2024-11-19,4820000,전라남도 순천시
46150-00020,동내공원,근린공원,전라남도 순천시 낙안면 삼일로 71,,34.90457841,127.3438555,6700,,,주차장,,,1985-04-12,전라남도 순천시청,061-749-8831,2024-11-19,4820000,전라남도 순천시
46150-00019,승평공원,어린이공원,전라남도 순천시 승주읍 승평동길 46,,35.01837664,127.3765351,2600,,,,,,1981-12-30,전라남도 순천시청,061-749-6330,2024-11-19,4820000,전라남도 순천시
46150-00018,내동공원,어린이공원,전라남도 순천시 승주읍 서평내동1길 26,,35.01590957,127.388269,3515,,,,,,1981-12-30,전라남도 순천시청,061-749-6330,2024-11-19,4820000,전라남도 순천시
46150-00017,신흥공원,어린이공원,,전라남도 순천시 남정동 543-4,34.93824327,127.4906111,1461,농구장,미끄럼틀+시소,,,,1980-05-09,전라남도 순천시청,061-749-6330,2024-11-19,4820000,전라남도 순천시
46150-00016,중풍공원,어린이공원,,전라남도 순천시 풍덕동1283,34.9414246,127.4942333,1001,,조합놀이대+시소,,,,1980-05-09,전라남도 순천시청,061-749-6330,2024-11-19,4820000,전라남도 순천시
46150-00015,상풍공원,어린이공원,,전라남도 순천시 풍덕동 1263-9,34.9468775,127.4950608,1477,게이트볼장,,화장실,,,1980-05-09,전라남도 순천시청,061-749-6330,2024-11-19,4820000,전라남도 순천시
46150-00014,풍덕공원,어린이공원,,전라남도 순천시 풍덕동1287,34.9398952,127.4984331,4431,농구장,조합놀이대,화장실,,,1980-05-09,전라남도 순천시청,061-749-6330,2024-11-19,4820000,전라남도 순천시
46150-00012,인제공원,어린이공원,전라남도 순천시 장평안길30,전라남도 순천시 인제동375-5,34.94440264,127.4932266,1480,,조합놀이대,,,경로당,1978-05-15,전라남도 순천시청,061-749-6330,2024-11-19,4820000,전라남도 순천시
46150-00011,조산공원,어린이공원,,전라남도 순천시 풍덕동1274-1,34.9421407,127.4974988,1447,,조합놀이대,,야외무대,,1978-05-15,전라남도 순천시청,061-749-6330,2024-11-19,4820000,전라남도 순천시
46150-00010,역전공원,어린이공원,전라남도 순천시 역전광장3길15,전라남도 순천시 풍덕동885,34.944428,127.5014529,2578,농구장,조합놀이대,,,,1978-05-15,전라남도 순천시청,061-749-6330,2024-11-19,4820000,전라남도 순천시
46150-00009,장천공원,어린이공원,전라남도 순천시 장천안길9,전라남도 순천시 장천동 81,34.94902761,127.4872361,2210,게이트볼장,조합놀이대+그네,,,,1978-05-15,전라남도 순천시청,061-749-6330,2024-11-19,4820000,전라남도 순천시
46150-00007,조례호수공원,근린공원,,전라남도 순천시 조례동1867,34.96604411,127.5220334,173887,,조합놀이대,화장실+주차장+음수대,야외극장+ 도서관,분수시설,1974-04-12,전라남도 순천시청,061-749-6330,2024-11-19,4820000,전라남도 순천시
46150-00058,신월공원,어린이공원,,전라남도 순천시 조례동1688-1,34.957423,127.5188556,2320,,조합놀이대,화장실,,,1992-01-20,전라남도 순천시청,061-749-6330,2024-11-19,4820000,전라남도 순천시
46150-00057,장자보공원,어린이공원,,전라남도 순천시 조례동 1717,34.9547222,127.5194718,1673,,,화장실,,,1992-01-20,전라남도 순천시청,061-749-6330,2024-11-19,4820000,전라남도 순천시
46150-00056,동산공원,어린이공원,,전라남도 순천시 조례동1710-1,34.95317735,127.5159105,1498,,조합놀이대+시소,화장실,,,1992-01-20,전라남도 순천시청,061-749-6330,2024-11-19,4820000,전라남도 순천시
46150-00054,송정공원,어린이공원,,전라남도 순천시 조례동1663,34.96129508,127.5137776,2153,농구장,조합놀이대,화장실,,,1991-09-11,전라남도 순천시청,061-749-6330,2024-11-19,4820000,전라남도 순천시
46150-00053,서당골공원,어린이공원,,전라남도 순천시 조례동1660,34.9625715,127.5162345,5060,,조합놀이대,화장실,,,1991-09-11,전라남도 순천시청,061-749-6330,2024-11-19,4820000,전라남도 순천시
46150-00051,버드네2공원,어린이공원,,전라남도 순천시 해룡면 상삼리665,34.9467436,127.5279474,1241,,조합놀이대,화장실,,,1990-11-10,전라남도 순천시청,061-749-6330,2024-11-19,4820000,전라남도 순천시
46150-00050,상삼2공원,어린이공원,,전라남도 순천시 해룡면 상삼리620,34.9501657,127.5319428,2461,,조합놀이대,화장실,,,1990-11-10,전라남도 순천시청,061-749-6330,2024-11-19,4820000,전라남도 순천시
46150-00049,옹기터공원,어린이공원,,전라남도 순천시 해룡면 상삼리655,34.9478782,127.5311227,2190,,미끄럼틀,,,,1990-11-10,전라남도 순천시청,061-749-6330,2024-11-19,4820000,전라남도 순천시
46150-00048,못안공원,어린이공원,,전라남도 순천시 조례동1614,34.9543731,127.5289577,1550,,조합놀이대+그네,,,,1990-11-10,전라남도 순천시청,061-749-6330,2024-11-19,4820000,전라남도 순천시
46150-00047,가장골공원,어린이공원,,전라남도 순천시 해룡면 상삼리635,34.9484877,127.5272493,1713,농구장,,,,,1990-11-10,전라남도 순천시청,061-749-6330,2024-11-19,4820000,전라남도 순천시
46150-00046,시무골공원,어린이공원,,전라남도 순천시 해룡면 상삼리612,34.95073374,127.527413,2300,,조합놀이대+시소,,,,1990-11-10,전라남도 순천시청,061-749-6330,2024-11-19,4820000,전라남도 순천시
46150-00045,동성공원,근린공원,,전라남도 순천시 연향동1352,34.94891327,127.5172537,10985,족구장+농구장,조합놀이대+그네+시소,화장실,,,1990-09-27,전라남도 순천시청,061-749-6330,2024-11-19,4820000,전라남도 순천시
46150-00044,강남공원,어린이공원,,전라남도 순천시 연향동1402,34.9429821,127.5137896,2064,,조합놀이대,화장실,,,1990-05-26,전라남도 순천시청,061-749-6330,2024-11-19,4820000,전라남도 순천시
46150-00043,부영2공원,어린이공원,,전라남도 순천시 연향동 1385,34.94481426,127.5204571,2763,,조합놀이대+그네+시소,화장실,,,1990-05-26,전라남도 순천시청,061-749-6330,2024-11-19,4820000,전라남도 순천시
46150-00042,부영1공원,어린이공원,,전라남도 순천시 연향동1383,34.94694406,127.520818,3444,,조합놀이대+시소,화장실,기적의 놀이터 5호,,1990-05-26,전라남도 순천시청,061-749-6330,2024-11-19,4820000,전라남도 순천시
46150-00041,성광공원,어린이공원,,전라남도 순천시 연향동1392,34.94380488,127.5157056,3790,농구장,조합놀이대+흔들기구,화장실,,,1990-05-26,전라남도 순천시청,061-749-6330,2024-11-19,4820000,전라남도 순천시
46150-00040,천주공원,어린이공원,,전라남도 순천시 연향동1368,34.94580869,127.5157803,4318,농구장,조합놀이대,화장실,,,1990-05-26,전라남도 순천시청,061-749-6330,2024-11-19,4820000,전라남도 순천시
46150-00039,은성공원,어린이공원,,전라남도 순천시 연향동1356,34.9489524,127.5158688,2183,게이트볼장,그네,화장실,,,1990-05-26,전라남도 순천시청,061-749-6330,2024-11-19,4820000,전라남도 순천시
46150-00038,신기공원,어린이공원,전라남도 순천시 망산1길29,전라남도 순천시 가곡동998,34.9745273,127.4832637,1980,,조합놀이대+그네+시소+회전기구,,,경로당,1989-12-16,전라남도 순천시청,061-749-6330,2024-11-19,4820000,전라남도 순천시
46150-00037,신기안동네공원,어린이공원,,전라남도 순천시 가곡동991,34.97547527,127.4801942,2558,농구장,조합놀이대,,,,1989-12-16,전라남도 순천시청,061-749-6330,2024-11-19,4820000,전라남도 순천시
46150-00035,고지공원,어린이공원,전라남도 순천시 고지2길17,전라남도 순천시 가곡동 962,34.98130343,127.4837886,2005,,,,,경로당,1989-12-16,전라남도 순천시청,061-749-6330,2024-11-19,4820000,전라남도 순천시
46150-00034,향림공원,어린이공원,,전라남도 순천시 석현동894-8,34.9749182,127.4732878,1502,,조합놀이대,,,,1989-08-03,전라남도 순천시청,061-749-6330,2024-11-19,4820000,전라남도 순천시
46150-00031,운동공원,어린이공원,,전라남도 순천시 조례동1385-9,34.95686965,127.5146244,2310,,,,,,1987-02-19,전라남도 순천시청,061-749-6330,2024-11-19,4820000,전라남도 순천시
46150-00030,비봉공원,어린이공원,,전라남도 순천시 조례동1730-5,34.9703702,127.5200549,1520,,,,,,1987-02-19,전라남도 순천시청,061-749-6330,2024-11-19,4820000,전라남도 순천시
46150-00029,가곡공원,어린이공원,,전라남도 순천시 가곡동115-1,34.9857176,127.4841589,1500,,조합놀이대,,,,1987-02-19,전라남도 순천시청,061-749-6330,2024-11-19,4820000,전라남도 순천시
46150-00028,소라공원,어린이공원,,전라남도 순천시 덕월동331-20+ 산21-1+ 331-15,34.9296697,127.4875802,2591,농구장,조합놀이대,음수대,,,1987-02-19,전라남도 순천시청,061-749-6330,2024-11-19,4820000,전라남도 순천시
46150-00027,용당공원,어린이공원,,전라남도 순천시 용당동569,34.9738812,127.4919304,3044,,조합놀이대,,,,1987-02-19,전라남도 순천시청,061-749-6330,2024-11-19,4820000,전라남도 순천시
46150-00082,19공원,근린공원,전라남도 순천시 해룡면 정채봉길 171,,34.91383047,127.5593281,23855,,,,,,2004-11-13,전라남도 순천시청,061-749-6330,2024-11-19,4820000,전라남도 순천시
46150-00081,연향3어린이공원,어린이공원,,전라남도 순천시 연향동1693,34.93377505,127.5152863,1537,,그네,,,,2004-10-13,전라남도 순천시청,061-749-6330,2024-11-19,4820000,전라남도 순천시
46150-00080,매곡공원,어린이공원,전라남도 순천시 북정4길 55(매곡동),,34.9661463,127.480051,6083,,,,,,2001-11-30,전라남도 순천시청,061-749-6330,2024-11-19,4820000,전라남도 순천시
46150-00079,인안1공원,어린이공원,전라남도 순천시 순천만길 617-4(안풍동),,34.88741611,127.4961547,4900,,,,,,2001-11-30,전라남도 순천시청,061-749-6330,2024-11-19,4820000,전라남도 순천시
46150-00078,덕월공원,어린이공원,,전라남도 순천시 덕월동 1374,34.93157223,127.4893307,1500.5,,,,,,2001-11-30,전라남도 순천시청,061-749-6330,2024-11-19,4820000,전라남도 순천시
46150-00077,가곡6공원,어린이공원,전라남도 순천시 원가곡1길12-18,,34.9851056,127.4864674,1680,,조합놀이대+그네,,,,2001-11-30,전라남도 순천시청,061-749-6330,2024-11-19,4820000,전라남도 순천시
46150-00076,가곡5공원,어린이공원,전라남도 순천시 원가곡3길24-50,,34.9868909491,127.4869847178,1520,,조합놀이대+그네,,,,2001-11-30,전라남도 순천시청,061-749-6330,2024-11-19,4820000,전라남도 순천시
46150-00075,연향3근린공원,근린공원,,전라남도 순천시 연향동1694+ 1301,34.93795406,127.5104675,11317,농구장,,화장실,,,2001-11-30,전라남도 순천시청,061-749-6330,2024-11-19,4820000,전라남도 순천시
46150-00074,호반4공원,근린공원,,전라남도 순천시 연향동1632,34.93861291,127.5295201,41725,,,,,,2001-11-30,전라남도 순천시청,061-749-6330,2024-11-19,4820000,전라남도 순천시
46150-00072,수매골공원,어린이공원,,전라남도 순천시 조례동1806,34.9568655,127.5328665,1502,,조합놀이대,화장실,,,1996-05-07,전라남도 순천시청,061-749-6330,2024-11-19,4820000,전라남도 순천시
46150-00071,매동공원,어린이공원,,전라남도 순천시 해룡면 상삼리692,34.944834,127.5304983,1503,,조합놀이대+그네,,,,1996-05-07,전라남도 순천시청,061-749-6330,2024-11-19,4820000,전라남도 순천시
46150-00070,남부공원,어린이공원,,전라남도 순천시 연향동1508,34.9452589,127.5259636,1583,,시소+오르는기구+기타,,,,1996-05-07,전라남도 순천시청,061-749-6330,2024-11-19,4820000,전라남도 순천시
46150-00069,제일공원,어린이공원,,전라남도 순천시 연향동1498,34.9452188,127.5237941,1511,,조합놀이대+그네+회전기구,,,,1996-05-07,전라남도 순천시청,061-749-6330,2024-11-19,4820000,전라남도 순천시
46150-00068,대석공원,어린이공원,,전라남도 순천시 연향동1485,34.94749284,127.5237258,1517,,조합놀이대,,,,1996-05-07,전라남도 순천시청,061-749-6330,2024-11-19,4820000,전라남도 순천시
46150-00067,왕지공원,근린공원,,전라남도 순천시 조례동1822,34.95514622,127.5341582,12875,,조합놀이대,주차장+화장실,,,1995-08-29,전라남도 순천시청,061-749-6330,2024-11-19,4820000,전라남도 순천시
46150-00066,버드네공원,근린공원,,전라남도 순천시 해룡면 상삼리690,34.94655431,127.5277623,10007,,조합놀이대+흔들기구,화장실,,분수시설,1995-08-29,전라남도 순천시청,061-749-6330,2024-11-19,4820000,전라남도 순천시
46150-00065,금당공원,근린공원,전라남도 순천시 신흥중1길28,전라남도 순천시 연향동 1441,34.9506022,127.5255549,21134,족구장+농구장,,화장실,,,1995-08-29,전라남도 순천시청,061-749-6330,2024-11-19,4820000,전라남도 순천시
46150-00064,상삼1공원,근린공원,,전라남도 순천시 해룡면 상삼리619+ 조례동1622,34.95055724,127.5317415,13845,게이트볼장,조합놀이대,화장실,,,1993-04-27,전라남도 순천시청,061-749-6330,2024-11-19,4820000,전라남도 순천시
46150-00063,구암공원,어린이공원,,전라남도 순천시 연향동 1435-8,34.94731623,127.5129777,1546,,조합놀이대+시소,,,,1992-12-31,전라남도 순천시청,061-749-6330,2024-11-19,4820000,전라남도 순천시
46150-00062,호반3공원,어린이공원,,전라남도 순천시 연향동1630,34.9390524,127.5286511,1860,,슬라이더+출렁다리,화장실+음수대,기적의놀이터 1호,연못+수로,1992-12-21,전라남도 순천시청,061-749-6330,2024-11-19,4820000,전라남도 순천시
46150-00061,율산공원,어린이공원,,전라남도 순천시 연향동1620,34.9395224,127.5236359,1849,,조합놀이대,,,,1992-12-21,전라남도 순천시청,061-749-6330,2024-11-19,4820000,전라남도 순천시
46150-00060,호반2공원,어린이공원,,전라남도 순천시 연향동1627-1,34.9407321,127.5299768,1861,,조합놀이대+흔들기구,,,,1992-12-21,전라남도 순천시청,061-749-6330,2024-11-19,4820000,전라남도 순천시
46150-00059,호반1공원,어린이공원,,전라남도 순천시 연향동1593,34.9416076,127.5263085,2021,,조합놀이대+그네+시소,화장실,,,1992-12-21,전라남도 순천시청,061-749-6330,2024-11-19,4820000,전라남도 순천시
46150-00111,제10수변공원,수변공원,전라남도 순천시 성동3길 9,,34.9530271,127.4893542,4252,,,,,,2009-03-27,전라남도 순천시청,061-749-6330,2024-11-19,4820000,전라남도 순천시
46150-00110,제8수변공원,수변공원,전라남도 순천시 환선로62-6,,34.9609741,127.4878109,4390,,,,,,2009-03-27,전라남도 순천시청,061-749-6330,2024-11-19,4820000,전라남도 순천시
46150-00109,제7수변공원,수변공원,전라남도 순천시 용당신흥길 30(용당동),,34.9697265,127.4899971,28570,,,,,,2009-03-27,전라남도 순천시청,061-749-6330,2024-11-19,4820000,전라남도 순천시
46150-00108,제6수변공원,수변공원,,전라남도 순천시 석현동 3번지,34.9695155,127.4883213,19190,,,,,,2009-03-27,전라남도 순천시청,061-749-6330,2024-11-19,4820000,전라남도 순천시
46150-00107,제5수변공원,수변공원,,전라남도 순천시 석현동 159번지,34.9732656,127.4856071,2370,,,,,,2009-03-27,전라남도 순천시청,061-749-6330,2024-11-19,4820000,전라남도 순천시
46150-00106,제4수변공원,수변공원,전라남도 순천시 자경1길 62-16(조곡동),,34.95417415,127.501041,9500,,,,,,2009-03-27,전라남도 순천시청,061-749-6330,2024-11-19,4820000,전라남도 순천시
46150-00105,제3수변공원,수변공원,전라남도 순천시 자경1길 62-4(조곡동),,34.95420238,127.5006877,15980,,,,,,2009-03-27,전라남도 순천시청,061-749-6330,2024-11-19,4820000,전라남도 순천시
46150-00104,장대공원(B지구),근린공원,전라남도 순천시 율전2길 148(조곡동),,34.95161489,127.4956084,31490,,조합놀이대,주차장+화장실,,분수시설,2009-03-27,전라남도 순천시청,061-749-6330,2024-11-19,4820000,전라남도 순천시
46150-00103,장대공원(A지구),근린공원,,전라남도 순천시 조곡동210,34.95014426,127.4949088,12570,,,주차장,,분수시설,2009-03-27,전라남도 순천시청,061-749-6330,2024-11-19,4820000,전라남도 순천시
46150-00102,매산공원,근린공원,,전라남도 순천시 금곡동 314-2,34.956158,127.4768544,23320,,,주차장,,,2009-03-27,전라남도 순천시청,061-749-6330,2024-11-19,4820000,전라남도 순천시
46150-00101,78공원,어린이공원,전라남도 순천시 해룡면 큰산두길 13,,34.93159447,127.5732417,4887,,조합놀이대,,,,2008-11-27,전라남도 순천시청,061-749-6330,2024-11-19,4820000,전라남도 순천시
46150-00100,제2수변공원,수변공원,,전라남도 순천시 해룡면 신대리2069-1,34.9337742,127.5473612,4881,,,,기적의 놀이터 2호,,2006-11-03,전라남도 순천시청,061-749-6330,2024-11-19,4820000,전라남도 순천시
46150-00099,제1수변공원,수변공원,,전라남도 순천시 해룡면 신대리2063,34.93770532,127.547632,50969,,,,,,2006-11-03,전라남도 순천시청,061-749-6330,2024-11-19,4820000,전라남도 순천시
46150-00098,81공원,어린이공원,,전라남도 순천시 해룡면 신대리2044,34.927661,127.5473219,1969,,조합놀이대,,,,2006-11-03,전라남도 순천시청,061-749-6330,2024-11-19,4820000,전라남도 순천시
46150-00097,80공원,어린이공원,,전라남도 순천시 해룡면 신대리2027,34.92837098,127.5527897,2257,,조합놀이대,,,,2006-11-03,전라남도 순천시청,061-749-6330,2024-11-19,4820000,전라남도 순천시
46150-00096,79공원,어린이공원,,전라남도 순천시 해룡면 신대리2013,34.931306,127.5536927,1486,,조합놀이대,,,,2006-11-03,전라남도 순천시청,061-749-6330,2024-11-19,4820000,전라남도 순천시
46150-00095,23공원,근린공원,,전라남도 순천시 해룡면 신대리2161,34.9252751,127.5491937,195519,,,화장실,유아숲체험원,,2006-11-03,전라남도 순천시청,061-749-6330,2024-11-19,4820000,전라남도 순천시
46150-00094,22공원,근린공원,,전라남도 순천시 해룡면 신대리2099,34.9286524,127.5509654,15629,,,,,분수시설,2006-11-03,전라남도 순천시청,061-749-6330,2024-11-19,4820000,전라남도 순천시
46150-00093,21공원,근린공원,,전라남도 순천시 해룡면 신대리2090,34.93149774,127.5518244,13739,,조합놀이대+그네,화장실,,,2006-11-03,전라남도 순천시청,061-749-6330,2024-11-19,4820000,전라남도 순천시
46150-00092,가곡8공원,어린이공원,전라남도 순천시 고지6길 20-9(가곡동),,34.98478771,127.4834455,1890,,조합놀이대+그네,,,,2005-11-30,전라남도 순천시청,061-749-6330,2024-11-19,4820000,전라남도 순천시
46150-00091,가곡7공원,어린이공원,전라남도 순천시 고지4길11-10,,34.9828861836,127.4850941923,2240,,조합놀이대+그네,,,,2005-11-30,전라남도 순천시청,061-749-6330,2024-11-19,4820000,전라남도 순천시
46150-00090,운곡2공원,어린이공원,,전라남도 순천시 왕지동874,34.96855516,127.5240101,1500,,조합놀이대,,,,2005-10-13,전라남도 순천시청,061-749-6330,2024-11-19,4820000,전라남도 순천시
46150-00089,운곡1공원,어린이공원,,전라남도 순천시 왕지동859,34.97039623,127.5265537,2568,농구장,조합놀이대,,,,2005-10-13,전라남도 순천시청,061-749-6330,2024-11-19,4820000,전라남도 순천시
46150-00088,75공원,어린이공원,,전라남도 순천시 조례동 산28-5(조례+왕지지구),34.96647426,127.532476,4234,,,,,,2005-02-05,전라남도 순천시청,061-749-6330,2024-11-19,4820000,전라남도 순천시
46150-00087,74공원,어린이공원,,전라남도 순천시 조례동 276-10(조례+왕지지구),34.96538869,127.5289659,5897,,,,,,2005-02-05,전라남도 순천시청,061-749-6330,2024-11-19,4820000,전라남도 순천시
46150-00086,70공원,어린이공원,,전라남도 순천시 왕지동 765-9(조례+왕지지구),34.9724281,127.5243826,3307,,,,,,2005-02-05,전라남도 순천시청,061-749-6330,2024-11-19,4820000,전라남도 순천시
46150-00085,범암2공원,어린이공원,,전라남도 순천시 왕지동 847,34.972535,127.5261848,3281,농구장,오르는기구,,,,2005-02-05,전라남도 순천시청,061-749-6330,2024-11-19,4820000,전라남도 순천시
46150-00084,범암1공원,어린이공원,,전라남도 순천시 왕지동 846,34.9734354,127.5262772,5165,,조합놀이대+흔들기구,화장실,,,2005-02-05,전라남도 순천시청,061-749-6330,2024-11-19,4820000,전라남도 순천시
46150-00083,왕운공원,근린공원,,전라남도 순천시 왕지동895,34.97460438,127.5244829,11686,농구장,그네,화장실,,,2004-11-13,전라남도 순천시청,061-749-6330,2024-11-19,4820000,전라남도 순천시
46150-00144,소공원9,소공원,,전라남도 순천시 조곡동 424-4,34.9569815,127.4930383,174,,,,,,2006-11-27,전라남도 순천시청,061-749-6330,2024-11-19,4820000,전라남도 순천시
46150-00143,소공원8,소공원,전라남도 순천시 둑실3길 2(조곡동),전라남도 순천시 조곡동420-9(둑실A),34.95604905,127.4931039,591,,,,,,2006-11-27,전라남도 순천시청,061-749-6330,2024-11-19,4820000,전라남도 순천시
46150-00142,소공원7,소공원,전라남도 순천시 신용길 23(가곡동),,34.97327336,127.4839429,111,,,,,,2006-11-27,전라남도 순천시청,061-749-6330,2024-11-19,4820000,전라남도 순천시
46150-00141,소공원6,소공원,전라남도 순천시 업동1길 15(용당동),,34.9717965,127.4943371,1180,,,,,,2006-11-27,전라남도 순천시청,061-749-6330,2024-11-19,4820000,전라남도 순천시
46150-00140,소공원5,소공원,전라남도 순천시 석현안길14-10,,34.9710586,127.4772643,214,,,,,,2006-11-27,전라남도 순천시청,061-749-6330,2024-11-19,4820000,전라남도 순천시
46150-00139,소공원4,소공원,전라남도 순천시 환선로 166-4(석현동),,34.97012226,127.4866225,266,,,,,,2006-11-27,전라남도 순천시청,061-749-6330,2024-11-19,4820000,전라남도 순천시
46150-00138,소공원3,소공원,전라남도 순천시 석현안길18-5,전라남도 순천시 석현동463,34.97148057,127.4768671,433,,,,,,2006-11-27,전라남도 순천시청,061-749-6330,2024-11-19,4820000,전라남도 순천시
46150-00137,소공원2,소공원,,전라남도 순천시 매곡동8-2,34.9634251,127.4882597,169,,,,,,2006-11-27,전라남도 순천시청,061-749-6330,2024-11-19,4820000,전라남도 순천시
46150-00136,소공원1,소공원,,전라남도 순천시 매곡동456-7,34.9630218,127.486023,685,,,,,,2006-11-27,전라남도 순천시청,061-749-6330,2024-11-19,4820000,전라남도 순천시
46150-00135,69공원,어린이공원,,전라남도 순천시 덕암동404-1,34.9490596,127.5079401,483,,조합놀이대,,,,2011-07-20,전라남도 순천시청,061-749-6330,2024-11-19,4820000,전라남도 순천시
46150-00134,33공원,근린공원,,전라남도 순천시 해룡면 신성리911,34.91818572,127.5827963,27850,,,,,,2015-07-30,전라남도 순천시청,061-749-6330,2024-11-19,4820000,전라남도 순천시
46150-00133,32공원,근린공원,,전라남도 순천시 해룡면 신성리921+ 931,34.9004458,127.5844114,15950,,,,,,2015-07-30,전라남도 순천시청,061-749-6330,2024-11-19,4820000,전라남도 순천시
46150-00132,31공원,근린공원,,전라남도 순천시 해룡면 선월리 산39-3번지 일원,34.9098291,127.5590082,14258,,,,,,2012-12-21,전라남도 순천시청,061-749-6330,2024-11-19,4820000,전라남도 순천시
46150-00131,68공원,어린이공원,,전라남도 순천시 해룡면 상삼리 413번지 일원,34.9453053,127.5349296,1720,,,,,,2012-12-27,전라남도 순천시청,061-749-6330,2024-11-19,4820000,전라남도 순천시
46150-00129,오천공원,어린이공원,,전라남도 순천시 오천동 712-6(오천택지),34.9316929,127.4954077,1570,,,,,,2011-09-30,전라남도 순천시청,061-749-6330,2024-11-19,4820000,전라남도 순천시
46150-00128,29공원,근린공원,,전라남도 순천시 오천동 805-16(오천택지),34.9343377,127.4938921,25148,,,,,분수시설,2011-09-30,전라남도 순천시청,061-749-6330,2024-11-19,4820000,전라남도 순천시
46150-00127,28공원,근린공원,,전라남도 순천시 풍덕동 1105-7,34.9372864,127.4940452,12934,,,,,,2011-09-30,전라남도 순천시청,061-749-6330,2024-11-19,4820000,전라남도 순천시
46150-00126,27공원,근린공원,,전라남도 순천시 풍덕동 1137(오천택지),34.9379746,127.4982994,22098,,,,,,2011-09-30,전라남도 순천시청,061-749-6330,2024-11-19,4820000,전라남도 순천시
46150-00125,소공원26,소공원,,전라남도 순천시 해룡면 호두리1144-2,34.9009563,127.5651533,2625,,,,,,2010-11-05,전라남도 순천시청,061-749-6330,2024-11-19,4820000,전라남도 순천시
46150-00123,30공원,근린공원,,전라남도 순천시 해룡면 선월리 122-8(해룡산단 배수지부근),34.9049531,127.569771,59554,,,,,,2009-06-12,전라남도 순천시청,061-749-6330,2024-11-19,4820000,전라남도 순천시
46150-00120,제21수변공원,수변공원,,전라남도 순천시 풍덕동 324-1번지,34.9364605,127.5027233,26850,,,,,,2009-03-27,전라남도 순천시청,061-749-6330,2024-11-19,4820000,전라남도 순천시
46150-00119,제20수변공원,수변공원,전라남도 순천시 강남로 19(풍덕동),,34.94788011,127.4928185,24810,,,,,,2009-03-27,전라남도 순천시청,061-749-6330,2024-11-19,4820000,전라남도 순천시
46150-00118,제18수변공원,수변공원,전라남도 순천시 하풍길 67(풍덕동),,34.94336357,127.4995915,7130,,,,,,2009-03-27,전라남도 순천시청,061-749-6330,2024-11-19,4820000,전라남도 순천시
46150-00117,제17수변공원,수변공원,전라남도 순천시 장평로 60,,34.94514679,127.4960900485,5450,,화장실,,,,2009-03-27,전라남도 순천시청,061-749-6330,2024-11-19,4820000,전라남도 순천시
46150-00116,제16수변공원,수변공원,전라남도 순천시 역전2길 50(조곡동),,34.94800499,127.4975616,13700,,,,,,2009-03-27,전라남도 순천시청,061-749-6330,2024-11-19,4820000,전라남도 순천시
46150-00115,제15수변공원,수변공원,전라남도 순천시 중앙1길 18(장천동),,34.9490283,127.4879472,2550,,,,,,2009-03-27,전라남도 순천시청,061-749-6330,2024-11-19,4820000,전라남도 순천시
46150-00114,제13수변공원,수변공원,전라남도 순천시 성동교길 68,,34.94992556,127.4925232,2510,,,,,,2009-03-27,전라남도 순천시청,061-749-6330,2024-11-19,4820000,전라남도 순천시
46150-00113,제12수변공원,수변공원,전라남도 순천시 강남로 70(장천동),,34.9518101,127.4901489,2610,,,,,,2009-03-27,전라남도 순천시청,061-749-6330,2024-11-19,4820000,전라남도 순천시
46150-00112,제11수변공원,수변공원,전라남도 순천시 성동3길 2,,34.95278111,127.490788,1370,,,,,,2009-03-27,전라남도 순천시청,061-749-6330,2024-11-19,4820000,전라남도 순천시
46150-99999,순천만국가정원,국가정원,전라남도 순천시 국가정원1호길 162-2,전라남도 순천시 오천동 600,34.929837,127.502758,1120000,없음,없음,식음시설,생태학습관,조경시설,2013-10-20,전라남도 순천시청,061-749-3114,2026-06-05,4840000,전라남도 순천시
