system:index,address_land,address_road,agency_code,agency_name,amusement_facility,area,buffer_100_lst,buffer_200_lst,buffer_300_lst,buffer_500_lst,buffer_50_lst,convenience_facility,cultural_facility,data_date,designated_date,id,management_agency,other_facility,park_lst,park_name,park_ndvi,park_type,sports_facility,tel,.geo
00000000000000000028,,전라남도 순천시 낙안면 삼일로 71,4820000,전라남도 순천시,,6700.0,44.66890376389243,42.74899292304988,41.32965692406532,40.59698758746778,45.58365073012659,주차장,,2024-11-19,1985-04-12,46150-00020,전라남도 순천시청,,45.930675199999996,동내공원,0.16664125628906845,근린공원,,061-749-8831,"{""type"":""Point"",""coordinates"":[127.34385511350756,34.90457666167516]}"
0000000000000000003f,전라남도 순천시 연향동1352,,4820000,전라남도 순천시,조합놀이대+그네+시소,10985.0,46.49032500843215,47.087836171868624,47.44536454193094,47.671606067914794,46.44761735831166,화장실,,2024-11-19,1990-09-27,46150-00045,전라남도 순천시청,,46.54933682000001,동성공원,0.25547286258849156,근린공원,족구장+농구장,061-749-6330,"{""type"":""Point"",""coordinates"":[127.51725171707186,34.94891350344956]}"
00000000000000000060,전라남도 순천시 해룡면 상삼리619+ 조례동1622,,4820000,전라남도 순천시,조합놀이대,13845.0,44.03538883532665,45.03576287054888,45.6533767944554,45.39453654271056,43.467984793680735,화장실,,2024-11-19,1993-04-27,46150-00064,전라남도 순천시청,,43.438938620000044,상삼1공원,0.3919876422982639,근린공원,게이트볼장,061-749-6330,"{""type"":""Point"",""coordinates"":[127.53173933639451,34.95055891173829]}"
0000000000000000005f,전라남도 순천시 연향동 1441,전라남도 순천시 신흥중1길28,4820000,전라남도 순천시,,21134.0,47.4236945730617,47.44630781358834,47.549143821489295,47.56983628629619,47.40445680947213,화장실,,2024-11-19,1995-08-29,46150-00065,전라남도 순천시청,,47.26028498000005,금당공원,0.2550365617072079,근린공원,족구장+농구장,061-749-6330,"{""type"":""Point"",""coordinates"":[127.52555456323337,34.95060350274882]}"
0000000000000000005d,전라남도 순천시 조례동1822,,4820000,전라남도 순천시,조합놀이대,12875.0,43.84088867932287,44.262803744877495,43.881377084794714,42.41109788100542,43.472225560498174,주차장+화장실,,2024-11-19,1995-08-29,46150-00067,전라남도 순천시청,,43.25094752000001,왕지공원,0.3385117062983182,근린공원,,061-749-6330,"{""type"":""Point"",""coordinates"":[127.53415616916546,34.95514732672228]}"
00000000000000000057,전라남도 순천시 연향동1632,,4820000,전라남도 순천시,,41725.0,40.04360459063655,40.66319157492043,41.37031426676096,41.63382014917618,40.48656505607291,,,2024-11-19,2001-11-30,46150-00074,전라남도 순천시청,,39.82950950000003,호반4공원,0.42694483734087696,근린공원,,061-749-6330,"{""type"":""Point"",""coordinates"":[127.52951870406989,34.9386129800161]}"
00000000000000000056,전라남도 순천시 연향동1694+ 1301,,4820000,전라남도 순천시,,11317.0,41.19140029732044,41.80858744715272,42.83164689655694,44.386195933390105,41.0979864618433,화장실,,2024-11-19,2001-11-30,46150-00075,전라남도 순천시청,,41.05316066,연향3근린공원,0.35603182567557884,근린공원,농구장,061-749-6330,"{""type"":""Point"",""coordinates"":[127.51046942436956,34.9379530330602]}"
0000000000000000004f,,전라남도 순천시 해룡면 정채봉길 171,4820000,전라남도 순천시,,23855.0,33.63681003253282,33.99472481157295,33.99977356325134,34.742239794479275,33.33999089379621,,,2024-11-19,2004-11-13,46150-00082,전라남도 순천시청,,33.58478696000003,19공원,0.2767579779723242,근린공원,,061-749-6330,"{""type"":""Point"",""coordinates"":[127.55932779461216,34.91382929636106]}"
00000000000000000082,전라남도 순천시 왕지동895,,4820000,전라남도 순천시,그네,11686.0,40.74779402224268,40.59598361388666,40.91062950495863,40.8321863540949,40.77412396532091,화장실,,2024-11-19,2004-11-13,46150-00083,전라남도 순천시청,,41.08050481999999,왕운공원,0.31299846089268224,근린공원,농구장,061-749-6330,"{""type"":""Point"",""coordinates"":[127.52448437898052,34.97460238461847]}"
00000000000000000078,전라남도 순천시 해룡면 신대리2090,,4820000,전라남도 순천시,조합놀이대+그네,13739.0,43.3735990398716,44.449031648765164,44.585753358957966,43.801001968631574,42.810357118163594,화장실,,2024-11-19,2006-11-03,46150-00093,전라남도 순천시청,,42.92623562000006,21공원,0.2546066442304488,근린공원,,061-749-6330,"{""type"":""Point"",""coordinates"":[127.55182312753921,34.93149625473481]}"
00000000000000000076,전라남도 순천시 해룡면 신대리2161,,4820000,전라남도 순천시,,195519.0,34.3322011069528,35.25507617721684,37.35900770845147,39.81309050878977,34.22730595208645,화장실,유아숲체험원,2024-11-19,2006-11-03,46150-00095,전라남도 순천시청,,34.32649730000003,23공원,0.4023021582733813,근린공원,,061-749-6330,"{""type"":""Point"",""coordinates"":[127.54919225791768,34.92527580876525]}"
0000000000000000006f,전라남도 순천시 금곡동 314-2,,4820000,전라남도 순천시,,23320.0,38.703058701105256,40.0008037558936,40.31789825207651,40.115904767860044,38.18955341130436,주차장,,2024-11-19,2009-03-27,46150-00102,전라남도 순천시청,,37.741099280000014,매산공원,0.4118832477410128,근린공원,,061-749-6330,"{""type"":""Point"",""coordinates"":[127.47685226152763,34.95615954266142]}"
00000000000000000096,전라남도 순천시 해룡면 선월리 122-8(해룡산단 배수지부근),,4820000,전라남도 순천시,,59554.0,33.31904505046999,34.797509234221536,35.648741688733026,35.558198257249245,32.44346201609378,,,2024-11-19,2009-06-12,46150-00123,전라남도 순천시청,,30.843534920000025,30공원,0.4090100578894602,근린공원,,061-749-6330,"{""type"":""Point"",""coordinates"":[127.56977100927932,34.904951226163654]}"
00000000000000000094,전라남도 순천시 풍덕동 1137(오천택지),,4820000,전라남도 순천시,,22098.0,46.82393875872664,46.8861054077002,46.041946708723536,46.14757611940184,46.86991781687153,,,2024-11-19,2011-09-30,46150-00126,전라남도 순천시청,,47.28079309999998,27공원,0.16769167691676917,근린공원,,061-749-6330,"{""type"":""Point"",""coordinates"":[127.49830053759472,34.93797532856547]}"
00000000000000000093,전라남도 순천시 풍덕동 1105-7,,4820000,전라남도 순천시,,12934.0,46.6393841101312,46.956254457460446,47.66921872872789,48.09611129893925,46.46286994561223,,,2024-11-19,2011-09-30,46150-00127,전라남도 순천시청,,46.173354620000055,28공원,0.149323555443166,근린공원,,061-749-6330,"{""type"":""Point"",""coordinates"":[127.49404655518971,34.93728862700324]}"
0000000000000000008f,전라남도 순천시 해룡면 선월리 산39-3번지 일원,,4820000,전라남도 순천시,,14258.0,35.049138334564255,34.762707791846864,34.401807470195145,33.9544905228463,34.867982016510105,,,2024-11-19,2012-12-21,46150-00132,전라남도 순천시청,,34.43245592000005,31공원,0.2131951586108694,근린공원,,061-749-6330,"{""type"":""Point"",""coordinates"":[127.55900673933631,34.90982948271611]}"
0000000000000000008e,전라남도 순천시 해룡면 신성리921+ 931,,4820000,전라남도 순천시,,15950.0,41.371386914787735,42.47693072631421,43.27242994004488,44.748536838395296,40.933297086708876,,,2024-11-19,2015-07-30,46150-00133,전라남도 순천시청,,40.69768657999998,32공원,0.27742451219069075,근린공원,,061-749-6330,"{""type"":""Point"",""coordinates"":[127.58441023803779,34.90044753409966]}"
0000000000000000008d,전라남도 순천시 해룡면 신성리911,,4820000,전라남도 순천시,,27850.0,43.28794022035189,42.126781150106765,41.57072406026842,41.33469339456298,43.91601944281251,,,2024-11-19,2015-07-30,46150-00134,전라남도 순천시청,,43.72947032000002,33공원,0.3205282991255991,근린공원,,061-749-6330,"{""type"":""Point"",""coordinates"":[127.58279604345644,34.91818583809027]}"
00000000000000000027,전라남도 순천시 행동65-7,전라남도 순천시 금곡길20,4820000,전라남도 순천시,,2000.0,45.833376920988194,47.100353079003575,47.87469092280249,47.401463451670416,45.248300666895545,주차장+화장실,청소년수련관,2024-11-19,1987-02-19,46150-00025,전라남도 순천시청,,44.56346719999999,행동공원,0.24054421768707482,소공원,,061-749-3804,"{""type"":""Point"",""coordinates"":[127.48255991087603,34.955067062903325]}"
00000000000000000095,전라남도 순천시 해룡면 호두리1144-2,,4820000,전라남도 순천시,,2625.0,22.46203434297934,23.91171137063886,26.478177407225882,30.072332675124894,22.346002025033577,,,2024-11-19,2010-11-05,46150-00125,전라남도 순천시청,,22.26430472000004,소공원26,0.03972320180983432,소공원,,061-749-6330,"{""type"":""Point"",""coordinates"":[127.56515138058796,34.90095587161976]}"
0000000000000000008b,전라남도 순천시 매곡동456-7,,4820000,전라남도 순천시,,685.0,49.5057157817253,49.15483885999028,48.45007004378899,46.655740943140536,49.72700653830296,,,2024-11-19,2006-11-27,46150-00136,전라남도 순천시청,,49.912668499999995,소공원1,0.22162632265545731,소공원,,061-749-6330,"{""type"":""Point"",""coordinates"":[127.48602463239456,34.96302209918267]}"
0000000000000000008a,전라남도 순천시 매곡동8-2,,4820000,전라남도 순천시,,169.0,48.71821486172839,46.840176438991506,46.13356249708668,45.14999227719756,49.696989015680735,,,2024-11-19,2006-11-27,46150-00137,전라남도 순천시청,,50.04255325999998,소공원2,0.12699425654116145,소공원,,061-749-6330,"{""type"":""Point"",""coordinates"":[127.48825864202236,34.96342341827748]}"
00000000000000000089,전라남도 순천시 석현동463,전라남도 순천시 석현안길18-5,4820000,전라남도 순천시,,433.0,41.991083411224416,40.74056910865804,39.9921757071315,39.2928167519029,42.55790327428573,,,2024-11-19,2006-11-27,46150-00138,전라남도 순천시청,,42.37935242000003,소공원3,0.17509011991466195,소공원,,061-749-6330,"{""type"":""Point"",""coordinates"":[127.4768656388308,34.97148101388107]}"
00000000000000000088,,전라남도 순천시 환선로 166-4(석현동),4820000,전라남도 순천시,,266.0,49.23877982614285,48.171154916038816,46.886910178923316,45.94093613761082,49.586700818687085,,,2024-11-19,2006-11-27,46150-00139,전라남도 순천시청,,49.847726120000004,소공원4,0.14242471282210495,소공원,,061-749-6330,"{""type"":""Point"",""coordinates"":[127.48662215193572,34.970120988059755]}"
00000000000000000087,,전라남도 순천시 석현안길14-10,4820000,전라남도 순천시,,214.0,41.54566433209344,40.73942186777867,40.027887792920765,39.51611971894989,41.45079541202236,,,2024-11-19,2006-11-27,46150-00140,전라남도 순천시청,,41.04974263999998,소공원5,0.19915178090069366,소공원,,061-749-6330,"{""type"":""Point"",""coordinates"":[127.47726249882456,34.97105739928098]}"
00000000000000000086,,전라남도 순천시 업동1길 15(용당동),4820000,전라남도 순천시,,1180.0,45.2144088832769,43.53856101230892,42.065310232645025,40.6871791233535,45.85679632078215,,,2024-11-19,2006-11-27,46150-00141,전라남도 순천시청,,46.40919800000006,소공원6,0.22611392692336788,소공원,,061-749-6330,"{""type"":""Point"",""coordinates"":[127.4943363967582,34.971797610055845]}"
00000000000000000085,,전라남도 순천시 신용길 23(가곡동),4820000,전라남도 순천시,,111.0,47.35356885315415,47.28413929716746,46.93469195806925,45.72123044147932,47.18712334789299,,,2024-11-19,2006-11-27,46150-00142,전라남도 순천시청,,46.846704560000035,소공원7,0.2611964459153207,소공원,,061-749-6330,"{""type"":""Point"",""coordinates"":[127.48394223220261,34.97327357250454]}"
00000000000000000084,전라남도 순천시 조곡동420-9(둑실A),전라남도 순천시 둑실3길 2(조곡동),4820000,전라남도 순천시,,591.0,46.347661871273054,44.26419505056774,42.8529973702173,42.54747158743974,46.964968816087946,,,2024-11-19,2006-11-27,46150-00143,전라남도 순천시청,,47.174834480000015,소공원8,0.1296439157091234,소공원,,061-749-6330,"{""type"":""Point"",""coordinates"":[127.49310568486743,34.956048065135086]}"
00000000000000000083,전라남도 순천시 조곡동 424-4,,4820000,전라남도 순천시,,174.0,45.48790474295416,44.44982014174816,43.026783787696836,42.302432545426484,45.97939824003733,,,2024-11-19,2006-11-27,46150-00144,전라남도 순천시청,,46.08106808000002,소공원9,0.22966050800155438,소공원,,061-749-6330,"{""type"":""Point"",""coordinates"":[127.49303879835162,34.956980017255255]}"
00000000000000000006,전라남도 순천시 생목동15-5(생목),,4820000,전라남도 순천시,,262.0,47.9409758839263,47.102972920476724,45.93094575101321,44.74106110941128,48.06690587486035,,,2024-11-19,2006-11-27,46150-00145,전라남도 순천시청,,48.16606028000001,소공원10,0.18415856622114216,소공원,,061-749-6330,"{""type"":""Point"",""coordinates"":[127.50990311853576,34.95222661553229]}"
00000000000000000005,전라남도 순천시 연향동 116-5(연향),,4820000,전라남도 순천시,,671.0,43.49471327758097,43.34390080452491,43.57442949376817,44.23651221364417,43.88152946880181,,,2024-11-19,2006-11-27,46150-00146,전라남도 순천시청,,44.36180402000002,소공원11,0.13943276706017851,소공원,,061-749-6330,"{""type"":""Point"",""coordinates"":[127.52487677987322,34.93734213621587]}"
00000000000000000004,전라남도 순천시 인제동 123-7(인제),,4820000,전라남도 순천시,,797.0,48.36866172128456,48.17865711002769,47.102411346508184,45.84998326336225,47.98421651447763,,,2024-11-19,2006-11-27,46150-00147,전라남도 순천시청,,47.66361133999999,소공원12,0.2658103513411409,소공원,,061-749-6330,"{""type"":""Point"",""coordinates"":[127.48287650705083,34.94617561540275]}"
00000000000000000003,전라남도 순천시 남정동210(남정),,4820000,전라남도 순천시,,214.0,50.56819079571975,49.989474523338124,49.12808170096922,48.150311693783564,50.64772563613673,,,2024-11-19,2006-11-27,46150-00148,전라남도 순천시청,,50.41511744000002,소공원13,0.24259644911933925,소공원,,061-749-6330,"{""type"":""Point"",""coordinates"":[127.48651513351044,34.94292047163374]}"
00000000000000000002,전라남도 순천시 인제동 359-36(상인제),,4820000,전라남도 순천시,,1112.0,44.92971380013404,43.72456088995261,42.55430668352514,41.91151122654635,45.31421941000747,,,2024-11-19,2006-11-27,46150-00149,전라남도 순천시청,,45.21972704000001,소공원14,0.3121268049071762,소공원,,061-749-6330,"{""type"":""Point"",""coordinates"":[127.4812489351663,34.944195774535025]}"
00000000000000000001,전라남도 순천시 저전동 260-6(갈마골),,4820000,전라남도 순천시,,851.0,47.80359716654943,47.611656768340396,46.83392384406075,45.68104047377391,47.16777861938292,,,2024-11-19,2006-11-27,46150-00150,전라남도 순천시청,,46.95949922,소공원15,0.29815419617628713,소공원,,061-749-6330,"{""type"":""Point"",""coordinates"":[127.48264463379606,34.94632276573752]}"
00000000000000000000,전라남도 순천시 저전동128-2,,4820000,전라남도 순천시,,236.0,48.98833314463287,48.706000997020766,48.885018517065035,47.697203628353705,49.211117667240266,,,2024-11-19,2005-12-05,46150-00151,전라남도 순천시청,,49.52643224000002,소공원17,0.12419630503784487,소공원,,061-749-6330,"{""type"":""Point"",""coordinates"":[127.48096801179996,34.95168706430482]}"
00000000000000000021,전라남도 순천시 저전동148-2,,4820000,전라남도 순천시,,58.0,49.49485156679319,48.93738108451086,48.903557549806486,48.71093060022501,49.75138689409397,,,2024-11-19,2005-12-05,46150-00152,전라남도 순천시청,,49.680243140000016,소공원18,0.1381316754344014,소공원,,061-749-6330,"{""type"":""Point"",""coordinates"":[127.48249748346129,34.952168647218585]}"
00000000000000000020,전라남도 순천시 조곡동263-34,,4820000,전라남도 순천시,,586.0,47.201365492278505,45.97651981153084,44.3419119602569,44.544187406699855,47.204297531920965,,,2024-11-19,2005-12-05,46150-00153,전라남도 순천시청,,47.14749032000003,소공원19,0.21825210448354349,소공원,,061-749-6330,"{""type"":""Point"",""coordinates"":[127.49599072324901,34.95146410925214]}"
0000000000000000001f,전라남도 순천시 금곡동13-5,,4820000,전라남도 순천시,,2848.0,44.60528784839197,44.10034261705631,43.777777391828074,42.16890837153931,44.93117626683273,,,2024-11-19,2011-12-30,46150-00154,전라남도 순천시청,,43.538061200000016,소공원20,0.32958533510511434,소공원,,061-749-6330,"{""type"":""Point"",""coordinates"":[127.47868049295954,34.956164001762474]}"
0000000000000000001e,전라남도 순천시 석현동228-2,,4820000,전라남도 순천시,,9120.0,40.683880322842796,41.95817609099172,42.75925536685939,42.58858104743075,40.12887849706321,,,2024-11-19,2009-03-27,46150-00155,전라남도 순천시청,,40.147385360000044,소공원21,0.27662033103354516,소공원,,061-749-6330,"{""type"":""Point"",""coordinates"":[127.47913978036803,34.971726264439]}"
0000000000000000001d,전라남도 순천시 행동 4-9번지 일원,,4820000,전라남도 순천시,,3290.0,42.54685480069045,44.97971947828512,46.10736800981462,45.946695841701256,41.157918457193915,,,2024-11-19,2009-03-27,46150-00156,전라남도 순천시청,,40.19181962000005,소공원22,0.14415017118570697,소공원,,061-749-6330,"{""type"":""Point"",""coordinates"":[127.48241276054127,34.956739225798366]}"
0000000000000000001c,전라남도 순천시 매곡동178-9,,4820000,전라남도 순천시,,870.0,40.42368278681932,40.08537363112106,40.22657066727167,41.05769290183419,40.45938629921789,,,2024-11-19,2009-03-27,46150-00157,전라남도 순천시청,,40.40715488000001,소공원23,0.30446745347911086,소공원,,061-749-6330,"{""type"":""Point"",""coordinates"":[127.48082532056624,34.96000774687055]}"
0000000000000000001a,전라남도 순천시 해룡면 상삼리 산19-11,,4820000,전라남도 순천시,,2693.0,44.905873689349725,44.00108818092674,43.05289535831845,42.783932805515136,44.84638429681856,,,2024-11-19,2010-11-05,46150-00159,전라남도 순천시청,,44.67284384000004,소공원25,0.35452703755649057,소공원,,061-749-6330,"{""type"":""Point"",""coordinates"":[127.53481611612135,34.949404004565444]}"
00000000000000000019,전라남도 순천시 해룡면 선월리 403-3,,4820000,전라남도 순천시,,2145.0,34.024337074516666,33.80185719578632,34.24044662784512,34.982857369930535,34.20087901371601,,,2024-11-19,2012-12-21,46150-00160,전라남도 순천시청,,33.98127728000003,소공원27,0.33767954260214755,소공원,,061-749-6331,"{""type"":""Point"",""coordinates"":[127.55787412766873,34.9130489536767]}"
00000000000000000018,전라남도 순천시 해룡면 선월리 414-16,,4820000,전라남도 순천시,,274.0,33.623709125950704,33.50061749167486,33.691999270978236,34.50624106222238,33.57160480895857,,,2024-11-19,2012-12-21,46150-00161,전라남도 순천시청,,33.65656538000002,소공원28,0.26625167998868216,소공원,,061-749-6332,"{""type"":""Point"",""coordinates"":[127.5593054991069,34.91312475839461]}"
00000000000000000017,전라남도 순천시 해룡면 호두리1177-3,,4820000,전라남도 순천시,,1024.0,45.42981972322597,46.95551199393305,47.20999310532453,46.531004902510034,44.47301484412557,,,2024-11-19,2015-07-30,46150-00162,전라남도 순천시청,,43.555151300000034,소공원29,0.31691932037847187,소공원,,061-749-6330,"{""type"":""Point"",""coordinates"":[127.58541799487587,34.89247912051716]}"
00000000000000000016,전라남도 순천시 해룡면 호두리1160-4,,4820000,전라남도 순천시,,2889.0,40.17135063399053,41.03493959925481,42.579033636133204,44.016548422929276,40.02596141201645,,,2024-11-19,2015-07-30,46150-00163,전라남도 순천시청,,39.525305720000006,소공원30,0.27206081998370896,소공원,,061-749-6330,"{""type"":""Point"",""coordinates"":[127.58643466991606,34.8965458206779]}"
00000000000000000015,전라남도 순천시 해룡면 호두리1158-1,,4820000,전라남도 순천시,,3184.0,49.329239561630864,47.360356908395474,46.30472959613916,46.176800770647674,49.77799673244331,,,2024-11-19,2015-07-30,46150-00164,전라남도 순천시청,,49.73834948000001,소공원31,0.27969929997586124,소공원,,061-749-6330,"{""type"":""Point"",""coordinates"":[127.58329546277443,34.89595721933885]}"
00000000000000000014,전라남도 순천시 해룡면 상삼리 산35-34,,4820000,전라남도 순천시,,1548.800048828125,44.857363170546215,44.05676854193154,43.93951816525083,44.137572518652576,45.63421342589593,,,2024-11-19,2013-05-03,46150-00165,전라남도 순천시청,,45.865732820000005,소공원32,0.16486152231758047,소공원,,061-749-6330,"{""type"":""Point"",""coordinates"":[127.53402685523491,34.94341989095173]}"
00000000000000000013,전라남도 순천시 덕암동404-5,,4820000,전라남도 순천시,,986.0,51.31815940575261,50.50807101737053,49.69017235547073,49.06146584608045,51.83673125797469,,,2024-11-19,2014-05-29,46150-00166,전라남도 순천시청,,52.14463555999998,소공원33,0.2700826216760397,소공원,,061-749-6330,"{""type"":""Point"",""coordinates"":[127.50819082373124,34.9488243214285]}"
00000000000000000012,전라남도 순천시 덕월동636-3,,4820000,전라남도 순천시,,523.0,45.86611450844224,44.25218935920287,43.52066441803186,42.77376857475235,47.15214418379856,,,2024-11-19,2014-05-29,46150-00167,전라남도 순천시청,,47.434604000000036,소공원34,0.2241463874740615,소공원,,061-749-6330,"{""type"":""Point"",""coordinates"":[127.48651959261149,34.927474145584604]}"
00000000000000000011,전라남도 순천시 연향동1281-1,,4820000,전라남도 순천시,,147.0,47.851301860351775,47.44058249532958,47.86116044731102,48.584062836009416,48.187206175798906,,,2024-11-19,2014-05-29,46150-00168,전라남도 순천시청,,48.75395972000001,소공원37,0.20325567502986858,소공원,,061-749-6330,"{""type"":""Point"",""coordinates"":[127.51096884368754,34.948873371540095]}"
00000000000000000010,전라남도 순천시 덕월동 636-3,,4820000,전라남도 순천시,,523.0,45.88342918891064,44.27620404970157,43.54442906018982,42.78625369830922,47.16492553304774,,,2024-11-19,2014-05-30,46150-00169,전라남도 순천시청,,47.434604000000036,소공원36,0.2241463874740615,소공원,,061-749-6330,"{""type"":""Point"",""coordinates"":[127.48653296991463,34.92746522738249]}"
0000000000000000000f,전라남도 순천시 홍내동 661-15,,4820000,전라남도 순천시,,2220.0,37.22880356594306,38.096021368774025,38.675030814370324,38.52042401973551,36.89075645396355,,,2024-11-19,2017-06-15,46150-00171,전라남도 순천시청,,36.613152679999985,도깨비공원,0.4189060155504024,소공원,,061-749-6330,"{""type"":""Point"",""coordinates"":[127.49565183156896,34.917962883037596]}"
0000000000000000000e,전라남도 순천시 옥천동128-2,,4820000,전라남도 순천시,,1869.0,48.19940880316115,48.47245191709188,48.20151372079486,45.526137467448734,48.00354029555805,,,2024-11-19,2017-06-15,46150-00172,전라남도 순천시청,,48.10111790000002,소공원43,0.3366494936933736,소공원,,061-749-6330,"{""type"":""Point"",""coordinates"":[127.47880088868799,34.952427275079685]}"
0000000000000000000d,전라남도 순천시 동외동 67-15,,4820000,전라남도 순천시,,687.0,49.23652939718167,49.259805224500504,48.74393750511153,47.50163976976369,49.18251795190638,,,2024-11-19,2017-06-15,46150-00173,전라남도 순천시청,,49.38287539999999,소공원45,0.25964125560538115,소공원,,061-749-6330,"{""type"":""Point"",""coordinates"":[127.48828539662865,34.953060467429275]}"
0000000000000000000c,전라남도 순천시 해룡면 상내리 820,,4820000,전라남도 순천시,,8135.0,39.92977672517789,38.23940351552715,37.10403519479082,35.86621182410535,40.22827466813904,화장실,,2024-11-19,2017-06-15,46150-00174,전라남도 순천시청,,39.76456712000004,와온공원,0.3014107433532284,소공원,,061-749-6330,"{""type"":""Point"",""coordinates"":[127.5239626641573,34.8500240193873]}"
0000000000000000000b,전라남도 순천시 선평리 42-3,,4820000,전라남도 순천시,,8303.0,47.92709282463558,48.27686461802195,46.96474389361049,44.46043120972955,47.91615469910483,,,2024-11-19,2017-11-15,46150-00175,전라남도 순천시청,,48.357469400000014,소공원44,0.2629301602325739,소공원,,061-749-6330,"{""type"":""Point"",""coordinates"":[127.50410628716628,34.98237905685568]}"
00000000000000000007,전라남도 순천시 연향동1092-1,,4820000,전라남도 순천시,,697.0,42.886559480552926,41.78469492399005,41.710277248258926,44.34510572338049,43.71683115114255,,,2024-11-19,2017-08-16,46150-00176,전라남도 순천시청,,44.82323672000001,명말1공원,0.18021483524459284,소공원,,061-749-6330,"{""type"":""Point"",""coordinates"":[127.514094673526,34.93895187169617]}"
00000000000000000025,전라남도 순천시 연향동1055-1,,4820000,전라남도 순천시,,1272.0,45.83013676483164,45.26958414389218,45.17962799001305,45.67157168610712,45.91832902108169,,,2024-11-19,2017-08-16,46150-00177,전라남도 순천시청,,45.52734884000006,명말2공원,0.41680032076984763,소공원,,061-749-6330,"{""type"":""Point"",""coordinates"":[127.51283274792787,34.94077564402703]}"
00000000000000000072,전라남도 순천시 해룡면 신대리2063,,4820000,전라남도 순천시,,50969.0,42.15782496108704,43.3512131497379,43.632376436439046,42.74392632015584,41.8734307818527,,,2024-11-19,2006-11-03,46150-00099,전라남도 순천시청,,42.047804480000025,제1수변공원,0.24732978464321748,수변공원,,061-749-6330,"{""type"":""Point"",""coordinates"":[127.54763157254898,34.9377033234012]}"
00000000000000000071,전라남도 순천시 해룡면 신대리2069-1,,4820000,전라남도 순천시,,4881.0,45.18213041022055,44.941017258227184,44.716212938572006,43.716844748374704,45.390310588683356,,기적의 놀이터 2호,2024-11-19,2006-11-03,46150-00100,전라남도 순천시청,,45.667487660000006,제2수변공원,0.21462614266739588,수변공원,,061-749-6330,"{""type"":""Point"",""coordinates"":[127.54735956738472,34.933774855373116]}"
0000000000000000006c,,전라남도 순천시 자경1길 62-4(조곡동),4820000,전라남도 순천시,,15980.0,40.210682474117775,40.178922437422024,39.88103918138401,40.548912465667144,39.876184772369996,,,2024-11-19,2009-03-27,46150-00105,전라남도 순천시청,,39.39200294,제3수변공원,0.25518163583686204,수변공원,,061-749-6330,"{""type"":""Point"",""coordinates"":[127.50068615665829,34.95420199729895]}"
0000000000000000006b,,전라남도 순천시 자경1길 62-16(조곡동),4820000,전라남도 순천시,,9500.0,39.52501987814139,39.93333716263961,39.801822298217644,40.3999473453848,39.333278839598385,,,2024-11-19,2009-03-27,46150-00106,전라남도 순천시청,,39.39200294,제4수변공원,0.25518163583686204,수변공원,,061-749-6330,"{""type"":""Point"",""coordinates"":[127.50104288474256,34.954175242692635]}"
0000000000000000006a,전라남도 순천시 석현동 159번지,,4820000,전라남도 순천시,,2370.0,44.582037700104195,44.92396877067356,45.66206059179279,45.926829897311144,44.65705123921847,,,2024-11-19,2009-03-27,46150-00107,전라남도 순천시청,,44.61473750000005,제5수변공원,0.31178393132923893,수변공원,,061-749-6330,"{""type"":""Point"",""coordinates"":[127.48560547689553,34.97326465430244]}"
00000000000000000069,전라남도 순천시 석현동 3번지,,4820000,전라남도 순천시,,19190.0,45.40313937896971,45.42899999386122,45.53587074206156,44.41850774560743,45.4385045341611,,,2024-11-19,2009-03-27,46150-00108,전라남도 순천시청,,45.26074328000004,제6수변공원,0.20015951854403075,수변공원,,061-749-6330,"{""type"":""Point"",""coordinates"":[127.48832106943709,34.96951455031649]}"
00000000000000000068,,전라남도 순천시 용당신흥길 30(용당동),4820000,전라남도 순천시,,28570.0,42.76399415522518,42.893816783922944,42.790498082640596,43.35204829337505,43.273058433152215,,,2024-11-19,2009-03-27,46150-00109,전라남도 순천시청,,43.74997844000001,제7수변공원,0.2115633640149792,수변공원,,061-749-6330,"{""type"":""Point"",""coordinates"":[127.48999769143317,34.969728587167054]}"
00000000000000000067,,전라남도 순천시 환선로62-6,4820000,전라남도 순천시,,4390.0,48.27618545652247,48.45909538126659,48.14140739313016,46.24345798072595,48.50901981220943,,,2024-11-19,2009-03-27,46150-00110,전라남도 순천시청,,48.309617119999984,제8수변공원,0.11910004403699108,수변공원,,061-749-6330,"{""type"":""Point"",""coordinates"":[127.48781273191699,34.96097537179914]}"
00000000000000000066,,전라남도 순천시 성동3길 9,4820000,전라남도 순천시,,4252.0,48.837781804183805,48.01402650242946,47.14464268818031,46.88843218502779,48.96944364481043,,,2024-11-19,2009-03-27,46150-00111,전라남도 순천시청,,49.239318560000015,제10수변공원,0.14349599874470423,수변공원,,061-749-6330,"{""type"":""Point"",""coordinates"":[127.48935558088147,34.9530292537219]}"
0000000000000000009f,,전라남도 순천시 성동3길 2,4820000,전라남도 순천시,,1370.0,43.84922220608042,44.23377398228512,44.90891834487194,46.16769295659839,43.98949580945605,,,2024-11-19,2009-03-27,46150-00112,전라남도 순천시청,,44.41991036000002,제11수변공원,0.1937045110281893,수변공원,,061-749-6330,"{""type"":""Point"",""coordinates"":[127.49078695231964,34.952779544062906]}"
0000000000000000009e,,전라남도 순천시 강남로 70(장천동),4820000,전라남도 순천시,,2610.0,48.15509463592929,47.196826947304345,46.685840167759835,47.121773784938796,48.878243853618144,,,2024-11-19,2009-03-27,46150-00113,전라남도 순천시청,,49.42389164000002,제12수변공원,0.20379912327924324,수변공원,,061-749-6330,"{""type"":""Point"",""coordinates"":[127.49014930086898,34.951811919134315]}"
0000000000000000009d,,전라남도 순천시 성동교길 68,4820000,전라남도 순천시,,2510.0,47.3714944851298,46.95040089738341,46.92129717170092,46.97924382148604,47.6244978105017,,,2024-11-19,2009-03-27,46150-00114,전라남도 순천시청,,48.22074859999998,제13수변공원,0.0872250252270434,수변공원,,061-749-6330,"{""type"":""Point"",""coordinates"":[127.49252154262942,34.9499257193887]}"
0000000000000000009c,,전라남도 순천시 중앙1길 18(장천동),4820000,전라남도 순천시,,2550.0,50.029458904868854,50.15023937416374,50.43010530052126,49.778053515877744,50.15624035342039,,,2024-11-19,2009-03-27,46150-00115,전라남도 순천시청,,50.29548674,제15수변공원,0.10788648301401957,수변공원,,061-749-6330,"{""type"":""Point"",""coordinates"":[127.48794650494861,34.949029440076956]}"
0000000000000000009b,,전라남도 순천시 역전2길 50(조곡동),4820000,전라남도 순천시,,13700.0,46.55286900721065,46.11401858430633,47.062694420905345,48.25062448115067,46.95281178956523,,,2024-11-19,2009-03-27,46150-00116,전라남도 순천시청,,45.94434727999999,제16수변공원,0.1702646893185658,수변공원,,061-749-6330,"{""type"":""Point"",""coordinates"":[127.49756032681984,34.94800384683466]}"
0000000000000000009a,,전라남도 순천시 장평로 60,4820000,전라남도 순천시,화장실,5450.0,48.74930725596316,47.717727711531964,47.775450476173305,48.69163419420906,49.487083078899644,,,2024-11-19,2009-03-27,46150-00117,전라남도 순천시청,,48.78813992000005,제17수변공원,0.07018466392403105,수변공원,,061-749-6330,"{""type"":""Point"",""coordinates"":[127.4960888234722,34.945145563059405]}"
00000000000000000099,,전라남도 순천시 하풍길 67(풍덕동),4820000,전라남도 순천시,,7130.0,46.61751908214986,46.20627108575558,47.06982436796845,48.88994331595718,47.126694928702136,,,2024-11-19,2009-03-27,46150-00118,전라남도 순천시청,,48.159224240000015,제18수변공원,0.10428203728258326,수변공원,,061-749-6330,"{""type"":""Point"",""coordinates"":[127.4995936769002,34.94336192263802]}"
00000000000000000098,,전라남도 순천시 강남로 19(풍덕동),4820000,전라남도 순천시,,24810.0,51.60298976157456,50.519741238764986,49.12149256269119,48.746338845978656,51.79422620234375,,,2024-11-19,2009-03-27,46150-00119,전라남도 순천시청,,52.189069819999986,제20수변공원,0.1377382175054205,수변공원,,061-749-6330,"{""type"":""Point"",""coordinates"":[127.49282030240003,34.94787899200517]}"
00000000000000000097,전라남도 순천시 풍덕동 324-1번지,,4820000,전라남도 순천시,,26850.0,45.39197215155064,44.771233328337246,45.133859572153455,45.467552006203825,45.61816378554194,,,2024-11-19,2009-03-27,46150-00120,전라남도 순천시청,,44.895015140000055,제21수변공원,0.17174506130230419,수변공원,,061-749-6330,"{""type"":""Point"",""coordinates"":[127.5027239658397,34.93645923420729]}"
00000000000000000008,전라남도 순천시 매곡동 549-1,,4820000,전라남도 순천시,,16765.0,46.813498438457394,46.602936984859426,46.09077611428042,44.851428878995954,46.99130703172314,,,2024-11-19,2017-11-15,46150-00181,전라남도 순천시청,,47.144072300000005,동천그린웨이,0.21159863709060567,수변공원,,061-749-6330,"{""type"":""Point"",""coordinates"":[127.48863320651081,34.96287048974685]}"
00000000000000000022,전라남도 순천시 매곡동 549-1,,4820000,전라남도 순천시,,16765.0,46.813498438457394,46.602936984859426,46.09077611428042,44.851428878995954,46.99130703172314,,,2024-11-19,2017-11-15,46150-00181,전라남도 순천시청,,47.144072300000005,동천고수부지,0.21159863709060567,수변공원,,061-749-6330,"{""type"":""Point"",""coordinates"":[127.48863320651081,34.96287048974685]}"
00000000000000000032,전라남도 순천시 장천동 81,전라남도 순천시 장천안길9,4820000,전라남도 순천시,조합놀이대+그네,2210.0,50.37749982652781,50.23215232558867,50.2863615410909,49.79357467982213,50.51130299796198,,,2024-11-19,1978-05-15,46150-00009,전라남도 순천시청,,50.58943646,장천공원,0.24618487650797274,어린이공원,게이트볼장,061-749-6330,"{""type"":""Point"",""coordinates"":[127.4872375078811,34.949029440076956]}"
00000000000000000031,전라남도 순천시 풍덕동885,전라남도 순천시 역전광장3길15,4820000,전라남도 순천시,조합놀이대,2578.0,50.875830841487364,50.722828250937575,50.07667343585509,49.57232799250688,50.850284283928595,,,2024-11-19,1978-05-15,46150-00010,전라남도 순천시청,,50.80818973999999,역전공원,0.20492916071988027,어린이공원,농구장,061-749-6330,"{""type"":""Point"",""coordinates"":[127.50145312203949,34.94442764778981]}"
00000000000000000030,전라남도 순천시 풍덕동1274-1,,4820000,전라남도 순천시,조합놀이대,1447.0,47.519252392766354,47.097826433770734,47.72645939262948,48.70674527728938,47.858224933194506,,야외무대,2024-11-19,1978-05-15,46150-00011,전라남도 순천시청,,48.05668364000002,조산공원,0.30411906193625976,어린이공원,,061-749-6330,"{""type"":""Point"",""coordinates"":[127.49749789940508,34.94214012894938]}"
0000000000000000002e,전라남도 순천시 풍덕동1287,,4820000,전라남도 순천시,조합놀이대,4431.0,46.399101141552954,46.303129744496204,46.90892439371964,47.58837925456006,46.61784743465925,화장실,,2024-11-19,1980-05-09,46150-00014,전라남도 순천시청,,46.077650059999996,풍덕공원,0.31438127090301005,어린이공원,농구장,061-749-6330,"{""type"":""Point"",""coordinates"":[127.49843431062631,34.93989720111949]}"
0000000000000000002d,전라남도 순천시 풍덕동 1263-9,,4820000,전라남도 순천시,,1477.0,47.738005335345555,46.824030451006536,47.37556658379294,48.715747415137116,48.118870950540874,화장실,,2024-11-19,1980-05-09,46150-00015,전라남도 순천시청,,48.38139554000003,상풍공원,0.17859629833241708,어린이공원,게이트볼장,061-749-6330,"{""type"":""Point"",""coordinates"":[127.49505877112885,34.946875694268144]}"
0000000000000000002c,전라남도 순천시 풍덕동1283,,4820000,전라남도 순천시,조합놀이대+시소,1001.0,51.812021655828765,51.79814361695655,51.683782922536864,49.65920550951508,51.86071942369128,,,2024-11-19,1980-05-09,46150-00016,전라남도 순천시청,,52.0147508,중풍공원,0.21134411823447175,어린이공원,,061-749-6330,"{""type"":""Point"",""coordinates"":[127.49423383743394,34.941426672780835]}"
0000000000000000002b,전라남도 순천시 남정동 543-4,,4820000,전라남도 순천시,미끄럼틀+시소,1461.0,48.78640053113451,48.593877243360126,48.14959762485881,47.5727248300465,48.64167388322293,,,2024-11-19,1980-05-09,46150-00017,전라남도 순천시청,,48.35405137999999,신흥공원,0.29144336942056615,어린이공원,농구장,061-749-6330,"{""type"":""Point"",""coordinates"":[127.49061304737855,34.93824287462868]}"
0000000000000000002a,,전라남도 순천시 승주읍 서평내동1길 26,4820000,전라남도 순천시,,3515.0,33.509950378504485,33.45513413877295,33.19303777590204,32.65526332762439,33.48644865606548,,,2024-11-19,1981-12-30,46150-00018,전라남도 순천시청,,34.42220186000003,내동공원,0.35601701275956965,어린이공원,,061-749-6330,"{""type"":""Point"",""coordinates"":[127.38826775999986,35.01591149677758]}"
00000000000000000029,,전라남도 순천시 승주읍 승평동길 46,4820000,전라남도 순천시,,2600.0,44.38948753533699,42.64633948025788,40.93981128292574,39.23387420204931,45.083351212705026,,,2024-11-19,1981-12-30,46150-00019,전라남도 순천시청,,45.28466942,승평공원,0.29865125240847784,어린이공원,,061-749-6330,"{""type"":""Point"",""coordinates"":[127.37653586512826,35.01837737966015]}"
00000000000000000026,전라남도 순천시 저전동238-1,,4820000,전라남도 순천시,조합놀이대,1786.0,48.566361086425985,48.680547189068875,48.81223259622474,47.964619865085965,48.3697757979018,화장실,,2024-11-19,1987-02-19,46150-00026,전라남도 순천시청,,48.125044040000034,저전공원,0.15499172642029785,어린이공원,농구장,061-749-6330,"{""type"":""Point"",""coordinates"":[127.48394669130364,34.94749550931457]}"
0000000000000000004e,전라남도 순천시 용당동569,,4820000,전라남도 순천시,조합놀이대,3044.0,43.69666985078112,44.38568606625499,44.00664048610326,42.482965622386324,43.500268572171024,,,2024-11-19,1987-02-19,46150-00027,전라남도 순천시청,,43.36374218000003,용당공원,0.2802032205287178,어린이공원,,061-749-6330,"{""type"":""Point"",""coordinates"":[127.49192848218931,34.973880010247825]}"
0000000000000000004d,전라남도 순천시 덕월동331-20+ 산21-1+ 331-15,,4820000,전라남도 순천시,조합놀이대,2591.0,44.455535972348535,44.907442308493195,45.087690070331966,44.067984176951114,44.211728946938024,음수대,,2024-11-19,1987-02-19,46150-00028,전라남도 순천시청,,44.11912460000002,소라공원,0.27813534053307154,어린이공원,농구장,061-749-6330,"{""type"":""Point"",""coordinates"":[127.48758085866221,34.929668023302895]}"
0000000000000000004c,전라남도 순천시 가곡동115-1,,4820000,전라남도 순천시,조합놀이대,1500.0,46.029707823740374,44.33362647572023,42.77341381516416,40.232818802375554,46.59632216467736,,,2024-11-19,1987-02-19,46150-00029,전라남도 순천시청,,47.304719240000054,가곡공원,0.18984825899170585,어린이공원,,061-749-6330,"{""type"":""Point"",""coordinates"":[127.48416072815422,34.98571892354471]}"
0000000000000000004b,전라남도 순천시 조례동1730-5,,4820000,전라남도 순천시,,1520.0,42.028679208493344,41.12318704780552,41.035866244497534,40.801051355366845,42.78851408274554,,,2024-11-19,1987-02-19,46150-00030,전라남도 순천시청,,41.81537911999999,비봉공원,0.24903606259922886,어린이공원,,061-749-6330,"{""type"":""Point"",""coordinates"":[127.52005649163446,34.97037069771875]}"
0000000000000000004a,전라남도 순천시 조례동1385-9,,4820000,전라남도 순천시,,2310.0,45.69985295116675,45.18798875970146,44.936427622522736,45.02607613480321,46.203505622446094,,,2024-11-19,1987-02-19,46150-00031,전라남도 순천시청,,46.504902560000005,운동공원,0.21529077424273932,어린이공원,,061-749-6330,"{""type"":""Point"",""coordinates"":[127.51462530655138,34.956868539728916]}"
00000000000000000049,전라남도 순천시 석현동894-8,,4820000,전라남도 순천시,조합놀이대,1502.0,39.92226906955359,39.21877962153303,38.130145813901116,36.104665026569315,40.17239622280938,,,2024-11-19,1989-08-03,46150-00034,전라남도 순천시청,,39.69962473999999,향림공원,0.22611031875020732,어린이공원,,061-749-6330,"{""type"":""Point"",""coordinates"":[127.47328943978592,34.97491898079326]}"
00000000000000000047,전라남도 순천시 가곡동991,,4820000,전라남도 순천시,조합놀이대,2558.0,44.55498173891217,44.13310032029676,43.6977877300153,42.484892007530675,44.33353869148938,,,2024-11-19,1989-12-16,46150-00037,전라남도 순천시청,,43.82517488000002,신기안동네공원,0.397512353041404,어린이공원,농구장,061-749-6330,"{""type"":""Point"",""coordinates"":[127.48019212821666,34.97547636842494]}"
00000000000000000045,전라남도 순천시 연향동1356,,4820000,전라남도 순천시,그네,2183.0,47.724856405299214,47.911112291746676,47.980491462313395,47.84666276121067,47.44712233942008,화장실,,2024-11-19,1990-05-26,46150-00039,전라남도 순천시청,,47.18508854000004,은성공원,0.25787464206172445,어린이공원,게이트볼장,061-749-6330,"{""type"":""Point"",""coordinates"":[127.51586939574528,34.94895363535905]}"
00000000000000000044,전라남도 순천시 연향동1368,,4820000,전라남도 순천시,조합놀이대,4318.0,48.72424167879782,49.15623595249666,49.04849086232888,47.91280003851367,48.48199625146261,화장실,,2024-11-19,1990-05-26,46150-00040,전라남도 순천시청,,48.422411780000004,천주공원,0.1399423907825252,어린이공원,농구장,061-749-6330,"{""type"":""Point"",""coordinates"":[127.5157802137242,34.94580996911637]}"
00000000000000000043,전라남도 순천시 연향동1392,,4820000,전라남도 순천시,조합놀이대+흔들기구,3790.0,49.78804788528483,49.169703253601455,48.47219409221054,47.856327731114376,49.95597953273543,화장실,,2024-11-19,1990-05-26,46150-00041,전라남도 순천시청,,49.59479264000004,성광공원,0.2761708697889861,어린이공원,농구장,061-749-6330,"{""type"":""Point"",""coordinates"":[127.51570440900629,34.94380337364232]}"
00000000000000000042,전라남도 순천시 연향동1383,,4820000,전라남도 순천시,조합놀이대+시소,3444.0,46.86229822292495,46.86962310364129,46.818155641997244,47.36720787473572,46.66590009884375,화장실,기적의 놀이터 5호,2024-11-19,1990-05-26,46150-00042,전라남도 순천시청,,46.65871346000006,부영1공원,0.24733794890481395,어린이공원,,061-749-6330,"{""type"":""Point"",""coordinates"":[127.52081899791462,34.94694258078395]}"
00000000000000000041,전라남도 순천시 연향동 1385,,4820000,전라남도 순천시,조합놀이대+그네+시소,2763.0,46.067903374769685,46.72310116898684,47.46170184835752,48.34379618826433,45.948980652620214,화장실,,2024-11-19,1990-05-26,46150-00043,전라남도 순천시청,,45.917003120000004,부영2공원,0.2672346441459876,어린이공원,,061-749-6330,"{""type"":""Point"",""coordinates"":[127.52045781072927,34.94481558958145]}"
00000000000000000040,전라남도 순천시 연향동1402,,4820000,전라남도 순천시,조합놀이대,2064.0,49.12548780871234,49.11727578984746,48.50392238685753,47.200007029689004,49.010959487088144,화장실,,2024-11-19,1990-05-26,46150-00044,전라남도 순천시청,,48.972713,강남공원,0.30269968348538445,어린이공원,,061-749-6330,"{""type"":""Point"",""coordinates"":[127.51379145465437,34.94298289904849]}"
0000000000000000003e,전라남도 순천시 해룡면 상삼리612,,4820000,전라남도 순천시,조합놀이대+시소,2300.0,47.9520802717667,48.03715510552362,47.733785377498236,46.801399002105356,47.60310489757892,,,2024-11-19,1990-11-10,46150-00046,전라남도 순천시청,,47.54056262000006,시무골공원,0.3275470292419445,어린이공원,,061-749-6330,"{""type"":""Point"",""coordinates"":[127.52741400837266,34.95073281667938]}"
0000000000000000003d,전라남도 순천시 해룡면 상삼리635,,4820000,전라남도 순천시,,1713.0,48.69392984925097,48.713624190067904,48.10399274135045,47.01339578088609,48.602745494895544,,,2024-11-19,1990-11-10,46150-00047,전라남도 순천시청,,48.60698486000001,가장골공원,0.22707904789891273,어린이공원,농구장,061-749-6330,"{""type"":""Point"",""coordinates"":[127.52724902163366,34.948489888849494]}"
0000000000000000003c,전라남도 순천시 조례동1614,,4820000,전라남도 순천시,조합놀이대+그네,1550.0,44.24977333563578,44.395266125865625,44.692673696766654,45.46037353171691,44.21944240735789,,,2024-11-19,1990-11-10,46150-00048,전라남도 순천시청,,44.01658400000002,못안공원,0.24387216878684456,어린이공원,,061-749-6330,"{""type"":""Point"",""coordinates"":[127.52895685733714,34.95437144313899]}"
0000000000000000003b,전라남도 순천시 해룡면 상삼리655,,4820000,전라남도 순천시,미끄럼틀,2190.0,45.08569325860776,45.517549811264544,46.08360498857874,45.8822269602772,44.816721119375025,,,2024-11-19,1990-11-10,46150-00049,전라남도 순천시청,,44.74462226000003,옹기터공원,0.2953161685701779,어린이공원,,061-749-6330,"{""type"":""Point"",""coordinates"":[127.53112398044911,34.94787899200517]}"
0000000000000000003a,전라남도 순천시 해룡면 상삼리620,,4820000,전라남도 순천시,조합놀이대,2461.0,43.811577526458294,45.09987911721466,45.665258640912086,45.280233434926906,43.09947292374119,화장실,,2024-11-19,1990-11-10,46150-00050,전라남도 순천시청,,42.96725186000003,상삼2공원,0.3414197795906684,어린이공원,,061-749-6330,"{""type"":""Point"",""coordinates"":[127.53194445504296,34.95016651084559]}"
00000000000000000039,전라남도 순천시 해룡면 상삼리665,,4820000,전라남도 순천시,조합놀이대,1241.0,46.07460214002607,46.76015591054442,46.98280630678744,46.93221130491687,45.83276340797315,화장실,,2024-11-19,1990-11-10,46150-00051,전라남도 순천시청,,45.96485540000003,버드네2공원,0.27704032344627716,어린이공원,,061-749-6330,"{""type"":""Point"",""coordinates"":[127.52794910049906,34.94674192123655]}"
00000000000000000038,전라남도 순천시 조례동1660,,4820000,전라남도 순천시,조합놀이대,5060.0,43.95619484734935,44.805138757594385,44.61853861171552,43.61491824215166,43.052972942613934,화장실,,2024-11-19,1991-09-11,46150-00053,전라남도 순천시청,,43.20309524000004,서당골공원,0.3100328288894227,어린이공원,,061-749-6330,"{""type"":""Point"",""coordinates"":[127.51623504203164,34.962571729976275]}"
00000000000000000037,전라남도 순천시 조례동1663,,4820000,전라남도 순천시,조합놀이대,2153.0,44.72722461135016,44.14253369650575,43.50683546748139,42.267567583891136,44.80489547163435,화장실,,2024-11-19,1991-09-11,46150-00054,전라남도 순천시청,,44.19090302000001,송정공원,0.3321549773755656,어린이공원,농구장,061-749-6330,"{""type"":""Point"",""coordinates"":[127.5137780773512,34.96129642707499]}"
00000000000000000036,전라남도 순천시 조례동1710-1,,4820000,전라남도 순천시,조합놀이대+시소,1498.0,48.14440317625151,48.07827761682711,47.99457105619811,47.08688597510031,48.21374414692052,화장실,,2024-11-19,1992-01-20,46150-00056,전라남도 순천시청,,48.08744582000003,동산공원,0.14204314204314206,어린이공원,,061-749-6330,"{""type"":""Point"",""coordinates"":[127.51590952765474,34.95317640405666]}"
00000000000000000035,전라남도 순천시 조례동 1717,,4820000,전라남도 순천시,,1673.0,48.33831449796467,48.690957082447625,48.95600925722842,48.156850477254224,48.061940661812095,화장실,,2024-11-19,1992-01-20,46150-00057,전라남도 순천시청,,47.63968520000003,장자보공원,0.2235533166828938,어린이공원,,061-749-6330,"{""type"":""Point"",""coordinates"":[127.51947234939645,34.95472371212221]}"
00000000000000000034,전라남도 순천시 조례동1688-1,,4820000,전라남도 순천시,조합놀이대,2320.0,49.42402612260255,49.14877139897337,48.52780758157962,47.618661701119045,49.323804872268674,화장실,,2024-11-19,1992-01-20,46150-00058,전라남도 순천시청,,49.338441139999986,신월공원,0.30465054678926856,어린이공원,,061-749-6330,"{""type"":""Point"",""coordinates"":[127.51885699345108,34.95742146825955]}"
00000000000000000065,전라남도 순천시 연향동1593,,4820000,전라남도 순천시,조합놀이대+그네+시소,2021.0,46.890813051898746,46.70384846099627,46.5218951254214,45.98488937887593,46.85276776394201,화장실,,2024-11-19,1992-12-21,46150-00059,전라남도 순천시청,,46.764672080000025,호반1공원,0.282897203269101,어린이공원,,061-749-6330,"{""type"":""Point"",""coordinates"":[127.5263081513114,34.94160949592402]}"
00000000000000000064,전라남도 순천시 연향동1627-1,,4820000,전라남도 순천시,조합놀이대+흔들기구,1861.0,43.50690630861289,43.327575725830926,42.940478541663765,42.92409084411296,43.49594799039794,,,2024-11-19,1992-12-21,46150-00060,전라남도 순천시청,,43.46286476,호반2공원,0.2483120780195049,어린이공원,,061-749-6330,"{""type"":""Point"",""coordinates"":[127.52997799147838,34.940731053016506]}"
00000000000000000063,전라남도 순천시 연향동1620,,4820000,전라남도 순천시,조합놀이대,1849.0,44.364158521677226,46.18569470964997,47.08957907843391,47.097676650834835,43.764445260513405,,,2024-11-19,1992-12-21,46150-00061,전라남도 순천시청,,43.490208919999986,율산공원,0.3008046441562259,어린이공원,,061-749-6330,"{""type"":""Point"",""coordinates"":[127.52363714978037,34.93952263663101]}"
00000000000000000061,전라남도 순천시 연향동 1435-8,,4820000,전라남도 순천시,조합놀이대+시소,1546.0,50.06320734866206,48.98220274767085,48.22954056449542,48.345758541763125,50.37649419647147,,,2024-11-19,1992-12-31,46150-00063,전라남도 순천시청,,50.12458574000004,구암공원,0.21148500365764447,어린이공원,,061-749-6330,"{""type"":""Point"",""coordinates"":[127.51297989826264,34.94731714527244]}"
0000000000000000005c,전라남도 순천시 연향동1485,,4820000,전라남도 순천시,조합놀이대,1517.0,48.49192721747905,48.4504819642896,48.14634112948872,47.345068176807814,48.50595374738533,,,2024-11-19,1996-05-07,46150-00068,전라남도 순천시청,,48.42924782,대석공원,0.20218137749949505,어린이공원,,061-749-6330,"{""type"":""Point"",""coordinates"":[127.52372633180146,34.947491050213515]}"
0000000000000000005b,전라남도 순천시 연향동1498,,4820000,전라남도 순천시,조합놀이대+그네+회전기구,1511.0,49.465306611874134,49.15727868753813,48.488477768724316,47.67316141511431,49.43210734953128,,,2024-11-19,1996-05-07,46150-00069,전라남도 순천시청,,49.49908807999998,제일공원,0.20769322852240532,어린이공원,,061-749-6330,"{""type"":""Point"",""coordinates"":[127.52379321831727,34.94521690867626]}"
0000000000000000005a,전라남도 순천시 연향동1508,,4820000,전라남도 순천시,시소+오르는기구+기타,1583.0,48.40178633447629,47.960836606183605,47.591799998721044,47.27213413210717,48.490608809365206,,,2024-11-19,1996-05-07,46150-00070,전라남도 순천시청,,48.31987118000001,남부공원,0.3208649495921057,어린이공원,,061-749-6330,"{""type"":""Point"",""coordinates"":[127.52596480053028,34.94525704058575]}"
00000000000000000059,전라남도 순천시 해룡면 상삼리692,,4820000,전라남도 순천시,조합놀이대+그네,1503.0,45.76571494584351,45.114071368039724,44.782583949562486,45.15798225569142,45.56389213126586,,,2024-11-19,1996-05-07,46150-00071,전라남도 순천시청,,45.879404900000054,매동공원,0.33566307598083367,어린이공원,,061-749-6330,"{""type"":""Point"",""coordinates"":[127.53049970630163,34.944833425985664]}"
00000000000000000058,전라남도 순천시 조례동1806,,4820000,전라남도 순천시,조합놀이대,1502.0,45.119850905823284,44.637721823036756,43.986516253216415,42.872148884030445,45.321351849431466,화장실,,2024-11-19,1996-05-07,46150-00072,전라남도 순천시청,,45.24023516,수매골공원,0.26349579174006654,어린이공원,,061-749-6330,"{""type"":""Point"",""coordinates"":[127.53286748896102,34.95686408062786]}"
00000000000000000055,,전라남도 순천시 원가곡3길24-50,4820000,전라남도 순천시,조합놀이대+그네,1520.0,39.331971756908345,39.339042541306526,39.42556021183047,39.315603179838924,39.781789760671145,,,2024-11-19,2001-11-30,46150-00076,전라남도 순천시청,,39.71329681999998,가곡5공원,0.16725735248398932,어린이공원,,061-749-6330,"{""type"":""Point"",""coordinates"":[127.48698333912105,34.986891667121775]}"
00000000000000000054,,전라남도 순천시 원가곡1길12-18,4820000,전라남도 순천시,조합놀이대+그네,1680.0,48.47737897278257,46.33451873634898,44.63635616317121,42.07058073079101,49.334809414246386,,,2024-11-19,2001-11-30,46150-00077,전라남도 순천시청,,49.59821066000001,가곡6공원,0.20539596672030677,어린이공원,,061-749-6330,"{""type"":""Point"",""coordinates"":[127.48646608339885,34.98510356759934]}"
00000000000000000053,전라남도 순천시 덕월동 1374,,4820000,전라남도 순천시,,1500.5,47.95933069124667,47.07082972978514,46.583737051924096,45.734464364352824,48.41297789220987,,,2024-11-19,2001-11-30,46150-00078,전라남도 순천시청,,48.73345160000002,덕월공원,0.14102564102564102,어린이공원,,061-749-6330,"{""type"":""Point"",""coordinates"":[127.48932882627518,34.931572059452726]}"
00000000000000000052,,전라남도 순천시 순천만길 617-4(안풍동),4820000,전라남도 순천시,,4900.0,41.688428727942686,41.271500283118336,41.08392704646753,40.38492155055158,42.03962090221976,,,2024-11-19,2001-11-30,46150-00079,전라남도 순천시청,,41.40179870000003,인안1공원,0.25186268839519615,어린이공원,,061-749-6330,"{""type"":""Point"",""coordinates"":[127.49615570998799,34.887418040821494]}"
00000000000000000051,,전라남도 순천시 북정4길 55(매곡동),4820000,전라남도 순천시,,6083.0,39.56917439004744,39.86362204555941,40.39113825913458,39.990300290924,39.550379702537334,,,2024-11-19,2001-11-30,46150-00080,전라남도 순천시청,,40.06535287999998,매곡공원,0.22214590964590963,어린이공원,,061-749-6330,"{""type"":""Point"",""coordinates"":[127.48004943698295,34.96614792902114]}"
00000000000000000050,전라남도 순천시 연향동1693,,4820000,전라남도 순천시,그네,1537.0,49.5985220251791,48.308040991471785,47.02573353186087,45.59260897422201,50.07474238038837,,,2024-11-19,2004-10-13,46150-00081,전라남도 순천시청,,50.008373060000054,연향3어린이공원,0.18692998204667863,어린이공원,,061-749-6330,"{""type"":""Point"",""coordinates"":[127.51528525350727,34.933774855373116]}"
00000000000000000081,전라남도 순천시 왕지동 846,,4820000,전라남도 순천시,조합놀이대+흔들기구,5165.0,39.070066214084264,39.890066543815514,40.81733204283454,41.2139700880518,38.82616295348217,화장실,,2024-11-19,2005-02-05,46150-00084,전라남도 순천시청,,38.78359538000001,범암1공원,0.2710955803518246,어린이공원,,061-749-6330,"{""type"":""Point"",""coordinates"":[127.52627693760402,34.97343410014246]}"
00000000000000000080,전라남도 순천시 왕지동 847,,4820000,전라남도 순천시,오르는기구,3281.0,39.78448277895983,40.86819535992052,41.50944019834864,41.489140998615625,39.30812930350188,,,2024-11-19,2005-02-05,46150-00085,전라남도 순천시청,,39.279208280000034,범암2공원,0.26099922683259086,어린이공원,농구장,061-749-6330,"{""type"":""Point"",""coordinates"":[127.52618329648189,34.972533361729674]}"
0000000000000000007f,전라남도 순천시 왕지동 765-9(조례+왕지지구),,4820000,전라남도 순천시,,3307.0,43.495880614490865,43.13422510041749,42.79930949472177,42.00428007680436,43.592879077056885,,,2024-11-19,2005-02-05,46150-00086,전라남도 순천시청,,43.24752950000004,70공원,0.24504036119852238,어린이공원,,061-749-6330,"{""type"":""Point"",""coordinates"":[127.5243818196563,34.97242634330439]}"
0000000000000000007e,전라남도 순천시 조례동 276-10(조례+왕지지구),,4820000,전라남도 순천시,,5897.0,39.347996011988855,39.714828822129135,39.547589631102866,39.16060265548628,39.016891751040134,,,2024-11-19,2005-02-05,46150-00087,전라남도 순천시청,,38.79384944000003,74공원,0.3751902036084342,어린이공원,,061-749-6330,"{""type"":""Point"",""coordinates"":[127.52896577553926,34.96538988184205]}"
0000000000000000007d,전라남도 순천시 조례동 산28-5(조례+왕지지구),,4820000,전라남도 순천시,,4234.0,35.84510348000001,35.49781031683005,35.73492354521154,37.09980969586458,36.18380920086279,,,2024-11-19,2005-02-05,46150-00088,전라남도 순천시청,,36.10044968,75공원,0.4482804674457429,어린이공원,,061-749-6330,"{""type"":""Point"",""coordinates"":[127.53247508806831,34.96647344339804]}"
0000000000000000007c,전라남도 순천시 왕지동859,,4820000,전라남도 순천시,조합놀이대,2568.0,44.64420667587573,43.90857641119807,42.858495339371984,41.04240276520934,44.850438143892646,,,2024-11-19,2005-10-13,46150-00089,전라남도 순천시청,,44.9907197,운곡1공원,0.23006754404289395,어린이공원,농구장,061-749-6330,"{""type"":""Point"",""coordinates"":[127.52655340186934,34.970397452325074]}"
0000000000000000007b,전라남도 순천시 왕지동874,,4820000,전라남도 순천시,조합놀이대,1500.0,45.246058700585934,43.498350078525675,42.49485446628036,42.28813358460928,46.318795117993346,,,2024-11-19,2005-10-13,46150-00090,전라남도 순천시청,,46.405779980000034,운곡2공원,0.24662663369833981,어린이공원,,061-749-6330,"{""type"":""Point"",""coordinates"":[127.52401171426885,34.968555843589996]}"
0000000000000000007a,,전라남도 순천시 고지4길11-10,4820000,전라남도 순천시,조합놀이대+그네,2240.0,49.11873457794104,48.90754982054976,48.06872286449677,43.93373623183525,49.1928686753749,,,2024-11-19,2005-11-30,46150-00091,전라남도 순천시청,,49.21881044000003,가곡7공원,0.13167114527705023,어린이공원,,061-749-6330,"{""type"":""Point"",""coordinates"":[127.4850926802744,34.98288739437578]}"
00000000000000000079,,전라남도 순천시 고지6길 20-9(가곡동),4820000,전라남도 순천시,조합놀이대+그네,1890.0,48.23457353121048,46.916248649294744,45.40298813988657,41.430533821107154,48.89576943081787,,,2024-11-19,2005-11-30,46150-00092,전라남도 순천시청,,49.05132746000004,가곡8공원,0.17876559002238568,어린이공원,,061-749-6330,"{""type"":""Point"",""coordinates"":[127.48344727198567,34.98478697142454]}"
00000000000000000075,전라남도 순천시 해룡면 신대리2013,,4820000,전라남도 순천시,조합놀이대,1486.0,46.02810801524992,45.30141487177011,44.34555190898607,42.941692426478085,46.139508846808056,,,2024-11-19,2006-11-03,46150-00096,전라남도 순천시청,,46.11524828000006,79공원,0.1900472788763502,어린이공원,,061-749-6330,"{""type"":""Point"",""coordinates"":[127.5536914908806,34.93130451338951]}"
00000000000000000074,전라남도 순천시 해룡면 신대리2027,,4820000,전라남도 순천시,조합놀이대,2257.0,45.052048726392414,44.74614865866025,43.348891941481746,41.80401810517367,44.7545078345725,,,2024-11-19,2006-11-03,46150-00097,전라남도 순천시청,,44.354967980000026,80공원,0.1267503969972571,어린이공원,,061-749-6330,"{""type"":""Point"",""coordinates"":[127.55279075246781,34.92837042489634]}"
00000000000000000073,전라남도 순천시 해룡면 신대리2044,,4820000,전라남도 순천시,조합놀이대,1969.0,41.8672839770352,40.83883316455518,40.19360628818325,41.20667480701805,41.83993064707328,,,2024-11-19,2006-11-03,46150-00098,전라남도 순천시청,,41.897411600000055,81공원,0.221001221001221,어린이공원,,061-749-6330,"{""type"":""Point"",""coordinates"":[127.54732389457628,34.927661427828845]}"
00000000000000000070,,전라남도 순천시 해룡면 큰산두길 13,4820000,전라남도 순천시,조합놀이대,4887.0,40.86460217058934,39.79637586297636,38.6783372671898,38.03623174500321,41.17688611488649,,,2024-11-19,2008-11-27,46150-00101,전라남도 순천시청,,41.51117534000002,78공원,0.2890436265454029,어린이공원,,061-749-6330,"{""type"":""Point"",""coordinates"":[127.5732401898989,34.931594354957994]}"
00000000000000000091,전라남도 순천시 오천동 712-6(오천택지),,4820000,전라남도 순천시,,1570.0,49.083314223752105,48.43308374371261,47.60907385241041,45.99981140590506,49.32481235831596,,,2024-11-19,2011-09-30,46150-00129,전라남도 순천시청,,49.48199798000002,오천공원,0.17818487512697467,어린이공원,,061-749-6330,"{""type"":""Point"",""coordinates"":[127.49540658101101,34.93169245518117]}"
00000000000000000090,전라남도 순천시 해룡면 상삼리 413번지 일원,,4820000,전라남도 순천시,,1720.0,45.74375835302942,45.34216015399835,44.953288157536825,44.03220040994667,45.72437200698665,,,2024-11-19,2012-12-27,46150-00131,전라남도 순천시청,,45.65723360000004,68공원,0.34117877807198194,어린이공원,,061-749-6330,"{""type"":""Point"",""coordinates"":[127.53492759364771,34.94530609069732]}"
0000000000000000008c,전라남도 순천시 덕암동404-1,,4820000,전라남도 순천시,조합놀이대,483.0,51.57253829810111,50.66076327240832,49.8470367162203,48.85221311186594,52.04467279631287,,,2024-11-19,2011-07-20,46150-00135,전라남도 순천시청,,52.10361932000001,69공원,0.2262949077275871,어린이공원,,061-749-6330,"{""type"":""Point"",""coordinates"":[127.50794111407225,34.94906065378433]}"
0000000000000000000a,전라남도 순천시 해룡면 상삼리 930,,4820000,전라남도 순천시,조합놀이대,4415.0,43.32333114145599,43.51038054933659,43.65494500808215,44.5131141037552,43.08334214913095,화장실+ 음수대,,2024-11-19,2016-12-31,46150-00179,전라남도 순천시청,,42.87496532,83공원,0.30647451370154766,어린이공원,,061-749-6330,"{""type"":""Point"",""coordinates"":[127.53020094653104,34.943098835675876]}"
00000000000000000024,전라남도 순천시 주암면 창촌리,,4820000,전라남도 순천시,,81430.0,36.625097967658874,37.5007878060756,38.186855954551525,38.105362401897935,36.63183777106971,,,2024-11-19,2017-11-15,46150-00178,전라남도 순천시청,,36.84899605999999,청수거북이공원,0.45517310054104293,역사공원,,061-749-6330,"{""type"":""Point"",""coordinates"":[127.28131176213193,35.05858509385908]}"
0000000000000000002f,전라남도 순천시 인제동375-5,전라남도 순천시 장평안길30,4820000,전라남도 순천시,조합놀이대,1480.0,52.64089212137702,52.492073883404665,52.01105055913735,50.0885743911007,52.55963751078354,,,2024-11-19,1978-05-15,46150-00012,전라남도 순천시청,경로당,52.38047893999999,인제공원,0.1653875531953588,어린이공원,,061-749-6330,"{""type"":""Point"",""coordinates"":[127.49322608059589,34.94440089318349]}"
00000000000000000048,전라남도 순천시 가곡동 962,전라남도 순천시 고지2길17,4820000,전라남도 순천시,,2005.0,48.00169273909616,47.00809570206172,45.85144316549059,43.72032722072963,49.032456317873944,,,2024-11-19,1989-12-16,46150-00035,전라남도 순천시청,경로당,49.174376180000024,고지공원,0.1743231497279722,어린이공원,,061-749-6330,"{""type"":""Point"",""coordinates"":[127.48379062276679,34.9813044135018]}"
00000000000000000046,전라남도 순천시 가곡동998,전라남도 순천시 망산1길29,4820000,전라남도 순천시,조합놀이대+그네+시소+회전기구,1980.0,50.13688087894473,48.55675172761264,47.12863921423099,44.755634306599134,50.66662674500001,,,2024-11-19,1989-12-16,46150-00038,전라남도 순천시청,경로당,50.92098440000001,신기공원,0.16683621566632756,어린이공원,,061-749-6330,"{""type"":""Point"",""coordinates"":[127.48326444884249,34.97452657990056]}"
00000000000000000033,전라남도 순천시 조례동1867,,4820000,전라남도 순천시,조합놀이대,173887.0,41.337599450778676,41.25942770529588,42.00906357675567,42.531240547081026,41.6334243963657,화장실+주차장+음수대,야외극장+ 도서관,2024-11-19,1974-04-12,46150-00007,전라남도 순천시청,분수시설,42.37251637999998,조례호수공원,0.36817842858111316,근린공원,,061-749-6330,"{""type"":""Point"",""coordinates"":[127.52203187340113,34.96604536969691]}"
0000000000000000005e,전라남도 순천시 해룡면 상삼리690,,4820000,전라남도 순천시,조합놀이대+흔들기구,10007.0,45.98485547461262,46.73540275063243,46.98454088793888,46.9742438887672,45.57445073002231,화장실,,2024-11-19,1995-08-29,46150-00066,전라남도 순천시청,분수시설,45.43848032000005,버드네공원,0.3020940611053896,근린공원,,061-749-6330,"{""type"":""Point"",""coordinates"":[127.52776181825482,34.946554638992296]}"
00000000000000000077,전라남도 순천시 해룡면 신대리2099,,4820000,전라남도 순천시,,15629.0,41.2354271729437,41.80043219114539,42.18349022935442,41.94031418185536,41.12414294544235,,,2024-11-19,2006-11-03,46150-00094,전라남도 순천시청,분수시설,40.45500716000004,22공원,0.28636645849311565,근린공원,,061-749-6330,"{""type"":""Point"",""coordinates"":[127.55096698013693,34.92865134826271]}"
0000000000000000006e,전라남도 순천시 조곡동210,,4820000,전라남도 순천시,,12570.0,44.20749424805767,45.034324101124845,45.60330048761423,46.029211513266546,44.380121494109765,주차장,,2024-11-19,2009-03-27,46150-00103,전라남도 순천시청,분수시설,44.41307432000002,장대공원(A지구),0.34675251167397764,근린공원,,061-749-6330,"{""type"":""Point"",""coordinates"":[127.49490716169304,34.95014421534032]}"
0000000000000000006d,,전라남도 순천시 율전2길 148(조곡동),4820000,전라남도 순천시,조합놀이대,31490.0,47.14277754244722,45.34896709602764,43.64296233154005,44.45107739218775,47.61697415849186,주차장+화장실,,2024-11-19,2009-03-27,46150-00104,전라남도 순천시청,분수시설,47.79349610000003,장대공원(B지구),0.16474406600711688,근린공원,,061-749-6330,"{""type"":""Point"",""coordinates"":[127.49560724055841,34.95161571868795]}"
00000000000000000092,전라남도 순천시 오천동 805-16(오천택지),,4820000,전라남도 순천시,,25148.0,48.39216820491484,47.19873978859574,46.71489047143907,46.784086236730154,48.79348129178268,,,2024-11-19,2011-09-30,46150-00128,전라남도 순천시청,분수시설,48.98296706000002,29공원,0.1616622277354154,근린공원,,061-749-6330,"{""type"":""Point"",""coordinates"":[127.49389048665284,34.93433670210585]}"
00000000000000000009,전라남도 순천시 서면 선평리 818,,4820000,전라남도 순천시,그물놀이터+ 그네+ 집라인,61478.0,43.42584685655232,44.677468505131806,45.05383795917826,44.33572874864025,42.72025051243567,화장실+ 음수대,기적의 놀이터 3호,2024-11-19,2017-11-15,46150-00180,전라남도 순천시청,분수시설,42.478475,강청수변공원,0.328192661247436,수변공원,축구장+ 인라인스케이트장+ 밸런스바이크장,061-749-6330,"{""type"":""Point"",""coordinates"":[127.4993840991507,34.98723055880183]}"
00000000000000000023,전라남도 순천시 서면 선평리 818,,4820000,전라남도 순천시,그물놀이터+ 그네+ 집라인,61478.0,43.42584685655232,44.677468505131806,45.05383795917826,44.33572874864025,42.72025051243567,화장실+ 음수대,,2024-11-19,2017-11-15,46150-00180,전라남도 순천시청,분수시설,42.478475,강청공원,0.328192661247436,수변공원,축구장+ 인라인스케이트장+ 밸런스바이크장,061-749-6330,"{""type"":""Point"",""coordinates"":[127.4993840991507,34.98723055880183]}"
00000000000000000062,전라남도 순천시 연향동1630,,4820000,전라남도 순천시,슬라이더+출렁다리,1860.0,42.881538557754844,42.98593096206405,42.88498834199849,42.270361267057304,42.94510670843089,화장실+음수대,기적의놀이터 1호,2024-11-19,1992-12-21,46150-00062,전라남도 순천시청,연못+수로,42.929653640000026,호반3공원,0.2781656399726215,어린이공원,,061-749-6330,"{""type"":""Point"",""coordinates"":[127.52864917936446,34.939054431020395]}"
0000000000000000001b,,전라남도 순천시 장명3길 2-5(장천동),4820000,전라남도 순천시,,1672.0,49.11110925634688,49.384740807924416,49.55264603173739,48.69423397793973,49.02843434983646,,,2024-11-19,2009-03-27,46150-00158,전라남도 순천시청,인공수로,49.16070410000003,소공원24,0.1373807106598985,소공원,,061-749-6330,"{""type"":""Point"",""coordinates"":[127.48707252114214,34.95208838339962]}"
000000000000000000a0,전라남도 순천시 오천동 600,전라남도 순천시 국가정원1호길 162-2,4840000,전라남도 순천시,없음,1120000.0,41.563990955381186,41.873187494261565,42.42757099466537,43.031927072455915,41.41247522625095,식음시설,생태학습관,2026-06-05,2013-10-20,46150-99999,전라남도 순천시청,조경시설,42.20845142000002,순천만국가정원,0.31640940895186526,국가정원,없음,061-749-3114,"{""type"":""Point"",""coordinates"":[127.50275963864816,34.92983746914293]}"
